make_group,make,model,year_start,year_end,market,market_priority
ac,AC,Ace,1993,1996,GLOBAL,999
ac,AC,Aceca,1998,2000,GLOBAL,999
ac,AC,Frua,1966,1973,GLOBAL,999
acura,Acura,ADX,2024,,GLOBAL,999
acura,Acura,CL,1997,2004,GLOBAL,999
acura,Acura,CSX,2005,2011,GLOBAL,999
acura,Acura,EL,1997,2000,GLOBAL,999
acura,Acura,ILX,2012,2022,GLOBAL,999
acura,Acura,Integra,1986,,GLOBAL,999
acura,Acura,Legend,1986,1996,GLOBAL,999
acura,Acura,MDX,2001,,GLOBAL,999
acura,Acura,NSX,1991,2022,GLOBAL,999
acura,Acura,RDX,2006,,GLOBAL,999
acura,Acura,RL,2004,2012,GLOBAL,999
acura,Acura,RLX,2013,2020,GLOBAL,999
acura,Acura,RSX,2002,2006,GLOBAL,999
acura,Acura,RSX TYPE-S,2005,2006,GLOBAL,999
acura,Acura,SLX,1996,1999,GLOBAL,999
acura,Acura,TL,1995,2014,GLOBAL,999
acura,Acura,TLX,2015,2024,GLOBAL,999
acura,Acura,TSX,2003,2014,GLOBAL,999
acura,Acura,ZDX,2009,,GLOBAL,999
alfa-romeo,Alfa Romeo,145,1994,2000,BG,28
alfa-romeo,Alfa Romeo,146,1995,2000,BG,28
alfa-romeo,Alfa Romeo,147,2000,2009,BG,28
alfa-romeo,Alfa Romeo,155,1992,1998,BG,28
alfa-romeo,Alfa Romeo,156,1997,2005,BG,28
alfa-romeo,Alfa Romeo,156 Sportwagon,2000,2005,BG,28
alfa-romeo,Alfa Romeo,159,2005,2011,BG,28
alfa-romeo,Alfa Romeo,159 Sportwagon,2006,2011,BG,28
alfa-romeo,Alfa Romeo,164,1988,1998,BG,28
alfa-romeo,Alfa Romeo,166,1996,2007,BG,28
alfa-romeo,Alfa Romeo,2000,1971,1977,BG,28
alfa-romeo,Alfa Romeo,33,1983,1994,BG,28
alfa-romeo,Alfa Romeo,33 Sport,1988,1994,BG,28
alfa-romeo,Alfa Romeo,4C,2013,2020,BG,28
alfa-romeo,Alfa Romeo,6,1979,1986,BG,28
alfa-romeo,Alfa Romeo,75,1985,1992,BG,28
alfa-romeo,Alfa Romeo,8C,1931,2010,BG,28
alfa-romeo,Alfa Romeo,Alfasud,1972,1983,BG,28
alfa-romeo,Alfa Romeo,Alfasud Giardinetta,1975,1981,BG,28
alfa-romeo,Alfa Romeo,Alfasud Sprint,1976,1983,BG,28
alfa-romeo,Alfa Romeo,Alfasud Ti,1973,1983,BG,28
alfa-romeo,Alfa Romeo,Alfetta,1972,1984,BG,28
alfa-romeo,Alfa Romeo,Arna,1983,1987,BG,28
alfa-romeo,Alfa Romeo,Brera,2005,2010,BG,28
alfa-romeo,Alfa Romeo,Crosswagon Q4,2004,2007,BG,28
alfa-romeo,Alfa Romeo,Giulia,1962,,BG,28
alfa-romeo,Alfa Romeo,Giulia GTA,2020,,BG,28
alfa-romeo,Alfa Romeo,Giulia Quadrifoglio,2016,2022,BG,28
alfa-romeo,Alfa Romeo,Giulia Veloce,2016,2022,BG,28
alfa-romeo,Alfa Romeo,Giulietta,1954,2020,BG,28
alfa-romeo,Alfa Romeo,Giulietta Quadrifoglio Verde,2011,2016,BG,28
alfa-romeo,Alfa Romeo,GT,2003,2010,BG,28
alfa-romeo,Alfa Romeo,GTV,1995,2005,BG,28
alfa-romeo,Alfa Romeo,Junior,2024,,BG,28
alfa-romeo,Alfa Romeo,MiTo,2008,2018,BG,28
alfa-romeo,Alfa Romeo,MiTo Quadrifoglio Verde,2009,2016,BG,28
alfa-romeo,Alfa Romeo,MiTo Veloce,2016,2018,BG,28
alfa-romeo,Alfa Romeo,Montreal,1970,1977,BG,28
alfa-romeo,Alfa Romeo,Spider,1970,2010,BG,28
alfa-romeo,Alfa Romeo,Sprint,1976,1989,BG,28
alfa-romeo,Alfa Romeo,Stelvio,2017,,BG,28
alfa-romeo,Alfa Romeo,Stelvio Quadrifoglio,2017,2023,BG,28
alfa-romeo,Alfa Romeo,Tonale,2022,,BG,28
alpine,Alpine,A110,1962,,GLOBAL,999
alpine,Alpine,A110S,2019,,GLOBAL,999
alpine,Alpine,A290,2024,,GLOBAL,999
alpine,Alpine,A390,2025,,GLOBAL,999
arcfox,Arcfox,Alpha S,2024,,GLOBAL,999
arcfox,Arcfox,Alpha T,2024,,GLOBAL,999
ariel,Ariel,Atom,1999,2013,GLOBAL,999
ariel,Ariel,Nomad,2015,2024,GLOBAL,999
aro,Aro,10 Series,1980,2004,GLOBAL,999
aro,Aro,24 Series,1972,2006,GLOBAL,999
aro,Aro,M Series,1959,1975,GLOBAL,999
artega,Artega,GT,2010,2012,GLOBAL,999
artega,Artega,Scalo,2015,2017,GLOBAL,999
aston-martin,Aston Martin,Cygnet,2011,2013,GLOBAL,999
aston-martin,Aston Martin,DB AR1,2003,2004,GLOBAL,999
aston-martin,Aston Martin,DB11,2016,2023,GLOBAL,999
aston-martin,Aston Martin,DB11 Volante,2018,2023,GLOBAL,999
aston-martin,Aston Martin,DB12,2023,,GLOBAL,999
aston-martin,Aston Martin,DB12 Volante,2023,,GLOBAL,999
aston-martin,Aston Martin,DB6,1965,1970,GLOBAL,999
aston-martin,Aston Martin,DB6 Volante,1965,1970,GLOBAL,999
aston-martin,Aston Martin,DB7,1993,2004,GLOBAL,999
aston-martin,Aston Martin,DB7 Volante,1996,2003,GLOBAL,999
aston-martin,Aston Martin,DB9,2004,2016,GLOBAL,999
aston-martin,Aston Martin,DB9 Volante,2004,2015,GLOBAL,999
aston-martin,Aston Martin,DBS,1967,,GLOBAL,999
aston-martin,Aston Martin,DBS Volante,2009,2012,GLOBAL,999
aston-martin,Aston Martin,DBX,2020,,GLOBAL,999
aston-martin,Aston Martin,Lagonda,1976,1989,GLOBAL,999
aston-martin,Aston Martin,One-77,2009,2012,GLOBAL,999
aston-martin,Aston Martin,Rapide,2010,2013,GLOBAL,999
aston-martin,Aston Martin,Rapide AMR,2017,2020,GLOBAL,999
aston-martin,Aston Martin,Rapide E,2019,2019,GLOBAL,999
aston-martin,Aston Martin,Rapide S,2013,2018,GLOBAL,999
aston-martin,Aston Martin,V12 Speedster,2020,2022,GLOBAL,999
aston-martin,Aston Martin,V12 Vantage,2009,,GLOBAL,999
aston-martin,Aston Martin,V12 Vantage AMR,2017,2019,GLOBAL,999
aston-martin,Aston Martin,V12 Vantage S,2014,2018,GLOBAL,999
aston-martin,Aston Martin,V12 Zagato,2012,2013,GLOBAL,999
aston-martin,Aston Martin,V8 Vantage,1973,,GLOBAL,999
aston-martin,Aston Martin,V8 Vantage S,2011,2017,GLOBAL,999
aston-martin,Aston Martin,V8 Volante,1978,2014,GLOBAL,999
aston-martin,Aston Martin,Valhalla,2022,,GLOBAL,999
aston-martin,Aston Martin,Vanquish,2001,,GLOBAL,999
aston-martin,Aston Martin,Vanquish S,2004,2018,GLOBAL,999
aston-martin,Aston Martin,Vanquish Volante,2013,,GLOBAL,999
aston-martin,Aston Martin,Vantage,2020,,GLOBAL,999
aston-martin,Aston Martin,Vantage GT12,2015,2016,GLOBAL,999
aston-martin,Aston Martin,Vantage GT8,2016,2017,GLOBAL,999
aston-martin,Aston Martin,Virage,1988,2012,GLOBAL,999
aston-martin,Aston Martin,Virage Volante,1992,2012,GLOBAL,999
aston-martin,Aston Martin,Vulcan,2015,2016,GLOBAL,999
audi,Audi,100,1969,1976,BG,3
audi,Audi,100/ 200,1968,1994,BG,3
audi,Audi,100/ 200 Avant,1983,1994,BG,3
audi,Audi,80 Avant RS2,1994,1996,BG,3
audi,Audi,80 Avant S2,1993,1995,BG,3
audi,Audi,80 S2,1993,1995,BG,3
audi,Audi,80/ 90,1984,1995,BG,3
audi,Audi,80/ 90 Avant,1991,1995,BG,3
audi,Audi,90,1987,1991,BG,3
audi,Audi,A1,2010,,BG,3
audi,Audi,A1 Quattro,2012,2013,BG,3
audi,Audi,A2,1999,2005,BG,3
audi,Audi,A3,1996,,BG,3
audi,Audi,A3 allstreet,2024,,BG,3
audi,Audi,A4,1994,2025,BG,3
audi,Audi,A4 Allroad,2009,2025,BG,3
audi,Audi,A4 Avant,1996,2025,BG,3
audi,Audi,A4 DTM Edition,2005,2007,BG,3
audi,Audi,A5,2007,,BG,3
audi,Audi,A5 Avant,2024,,BG,3
audi,Audi,A6,1994,,BG,3
audi,Audi,A6 Avant,1994,,BG,3
audi,Audi,A7,2010,2025,BG,3
audi,Audi,A8,1994,,BG,3
audi,Audi,Allroad,2000,,BG,3
audi,Audi,Convertible,1991,2000,BG,3
audi,Audi,Coupe,1981,1996,BG,3
audi,Audi,Coupe S2,1990,1996,BG,3
audi,Audi,e-tron,2019,,BG,3
audi,Audi,e-tron GT,2021,,BG,3
audi,Audi,E5,2025,,BG,3
audi,Audi,Nuvolari,2026,,BG,3
audi,Audi,Q2,2016,,BG,3
audi,Audi,Q3,2011,,BG,3
audi,Audi,Q4,2021,,BG,3
audi,Audi,Q4 e-tron,2021,,BG,3
audi,Audi,Q5,2008,,BG,3
audi,Audi,Q6,2024,,BG,3
audi,Audi,Q7,2006,,BG,3
audi,Audi,Q8,2018,,BG,3
audi,Audi,Q8 e-tron,2022,,BG,3
audi,Audi,Quattro,1980,1991,BG,3
audi,Audi,R8,2007,,BG,3
audi,Audi,R8 GT,2010,2024,BG,3
audi,Audi,RS 3,2010,,BG,3
audi,Audi,RS 4,2005,2009,BG,3
audi,Audi,RS 4 Avant,2000,2025,BG,3
audi,Audi,RS 5,2010,,BG,3
audi,Audi,RS Q3,2013,2015,BG,3
audi,Audi,RS Q8,2019,,BG,3
audi,Audi,RS5 Avant,2026,,BG,3
audi,Audi,RS6,2002,2010,BG,3
audi,Audi,RS6 Avant,2002,,BG,3
audi,Audi,RS7,2013,,BG,3
audi,Audi,S1,2014,2018,BG,3
audi,Audi,S3,1999,,BG,3
audi,Audi,S4,1997,2023,BG,3
audi,Audi,S4 Avant,1997,2023,BG,3
audi,Audi,S5,2007,,BG,3
audi,Audi,S5 Avant,2024,,BG,3
audi,Audi,S6,1994,2025,BG,3
audi,Audi,S6 Avant,1994,,BG,3
audi,Audi,S7,2011,2025,BG,3
audi,Audi,S8,1996,,BG,3
audi,Audi,S8 Plus,2015,2019,BG,3
audi,Audi,SQ2,2018,,BG,3
audi,Audi,SQ5,2013,,BG,3
audi,Audi,SQ6,2024,,BG,3
audi,Audi,SQ7,2016,,BG,3
audi,Audi,SQ8,2019,,BG,3
audi,Audi,SQ8 e-tron,2023,,BG,3
audi,Audi,TT,1998,,BG,3
audi,Audi,TT RS,2009,2023,BG,3
audi,Audi,V8,1988,1994,BG,3
aurus,Aurus,Senat,2018,,GLOBAL,999
baic,BAIC,MOTOR BJ60,2023,,GLOBAL,999
bentley,Bentley,Arnage,1999,2009,GLOBAL,999
bentley,Bentley,Azure,1995,2011,GLOBAL,999
bentley,Bentley,Batur,2024,,GLOBAL,999
bentley,Bentley,Bentayga,2015,,GLOBAL,999
bentley,Bentley,Bentayga Speed,2019,,GLOBAL,999
bentley,Bentley,Brooklands,1992,2011,GLOBAL,999
bentley,Bentley,Continental,1952,2013,GLOBAL,999
bentley,Bentley,Continental Flying Spur,2005,2013,GLOBAL,999
bentley,Bentley,Continental GT,2011,,GLOBAL,999
bentley,Bentley,Continental GTC,2006,,GLOBAL,999
bentley,Bentley,Flying Spur,2014,,GLOBAL,999
bentley,Bentley,Mulliner,2020,,GLOBAL,999
bentley,Bentley,Mulsanne,2009,2020,GLOBAL,999
bentley,Bentley,State Sedan,,,GLOBAL,999
bentley,Bentley,T1,1965,1976,GLOBAL,999
bentley,Bentley,T2,1977,1980,GLOBAL,999
bestune,Bestune,B70,2006,,GLOBAL,999
bestune,Bestune,T55,2021,,GLOBAL,999
bestune,Bestune,T77,2018,,GLOBAL,999
bestune,Bestune,T99,2019,,GLOBAL,999
bmw,BMW,1 Series,2004,,BG,2
bmw,BMW,1 Series M,2010,2012,BG,2
bmw,BMW,1500/1600,1962,1975,BG,2
bmw,BMW,2 Series,2013,,BG,2
bmw,BMW,2 Series Active Tourer,2014,,BG,2
bmw,BMW,2 Series Gran,2019,,BG,2
bmw,BMW,2 Series Gran Tourer,2015,2021,BG,2
bmw,BMW,2002,1968,1975,BG,2
bmw,BMW,2800 CS,1968,1971,BG,2
bmw,BMW,3 Series,1975,,BG,2
bmw,BMW,3 Series Compact,1994,2005,BG,2
bmw,BMW,3 Series Gran Turismo,2013,2020,BG,2
bmw,BMW,3.0 CSi,1971,1975,BG,2
bmw,BMW,3.0 CSL,1971,1975,BG,2
bmw,BMW,4 Series,2013,,BG,2
bmw,BMW,4 Series Gran,2014,,BG,2
bmw,BMW,5 Series,1972,,BG,2
bmw,BMW,5 Series Gran Turismo,2009,2017,BG,2
bmw,BMW,6 Series,1976,2018,BG,2
bmw,BMW,6 Series Gran,2012,2018,BG,2
bmw,BMW,6 Series Gran Turismo,2017,,BG,2
bmw,BMW,7 Series,1977,,BG,2
bmw,BMW,8 Series,1989,,BG,2
bmw,BMW,8 Series Gran,2019,2022,BG,2
bmw,BMW,i3,2013,,BG,2
bmw,BMW,i4,2021,,BG,2
bmw,BMW,i5,2023,,BG,2
bmw,BMW,i7,2022,,BG,2
bmw,BMW,i8,2014,2020,BG,2
bmw,BMW,iX,2021,,BG,2
bmw,BMW,iX M,2022,2025,BG,2
bmw,BMW,iX1,2022,,BG,2
bmw,BMW,iX2,2023,,BG,2
bmw,BMW,iX3,2020,,BG,2
bmw,BMW,M1,1978,1981,BG,2
bmw,BMW,M2,2015,,BG,2
bmw,BMW,M2 CS,2019,,BG,2
bmw,BMW,M3,1986,,BG,2
bmw,BMW,M3 CS,2025,,BG,2
bmw,BMW,M4,2014,,BG,2
bmw,BMW,M4 CS,2017,,BG,2
bmw,BMW,M4 GTS,2015,2016,BG,2
bmw,BMW,M5,1979,,BG,2
bmw,BMW,M6,1984,2018,BG,2
bmw,BMW,M6 Cabrio,2006,2018,BG,2
bmw,BMW,M6 Gran,2013,2018,BG,2
bmw,BMW,M8,2019,,BG,2
bmw,BMW,M8 Gran,2022,,BG,2
bmw,BMW,X1,2009,,BG,2
bmw,BMW,X2,2018,,BG,2
bmw,BMW,X3,2004,,BG,2
bmw,BMW,X3 M,2019,,BG,2
bmw,BMW,X4,2014,,BG,2
bmw,BMW,X4 M,2019,,BG,2
bmw,BMW,X5,2000,,BG,2
bmw,BMW,X5 M,2009,,BG,2
bmw,BMW,X6,2008,,BG,2
bmw,BMW,X6 M,2009,,BG,2
bmw,BMW,X7,2018,,BG,2
bmw,BMW,XM,2022,,BG,2
bmw,BMW,Z1,1988,1991,BG,2
bmw,BMW,Z3,1996,2003,BG,2
bmw,BMW,Z4,2002,,BG,2
bmw,BMW,Z8,2000,2003,BG,2
borgward,Borgward,BX7,2016,2021,GLOBAL,999
brilliance,Brilliance,H230,2012,,GLOBAL,999
brilliance,Brilliance,H330,2013,,GLOBAL,999
brilliance,Brilliance,H530,2011,,GLOBAL,999
brilliance,Brilliance,V3,2015,,GLOBAL,999
brilliance,Brilliance,V5,2012,,GLOBAL,999
brilliance,Brilliance,V7,2018,,GLOBAL,999
bristol,Bristol,411,1972,1974,GLOBAL,999
bristol,Bristol,412,1975,1978,GLOBAL,999
bristol,Bristol,603,1976,1994,GLOBAL,999
bristol,Bristol,Blenheim,1994,2011,GLOBAL,999
bristol,Bristol,Bullet,2017,2017,GLOBAL,999
bristol,Bristol,Fighter,2002,2011,GLOBAL,999
bristol,Bristol,Series 6,2010,2011,GLOBAL,999
bufori,Bufori,CS8,2025,,GLOBAL,999
bufori,Bufori,Geneva,2010,,GLOBAL,999
bufori,Bufori,La Joya,2004,,GLOBAL,999
bugatti,Bugatti,Bolide,2022,,GLOBAL,999
bugatti,Bugatti,Brouillard,2025,,GLOBAL,999
bugatti,Bugatti,Centodieci,2019,2022,GLOBAL,999
bugatti,Bugatti,Chiron,2016,,GLOBAL,999
bugatti,Bugatti,Divo,2018,2021,GLOBAL,999
bugatti,Bugatti,EB 110,1991,1995,GLOBAL,999
bugatti,Bugatti,La Voiture Noire,2019,2019,GLOBAL,999
bugatti,Bugatti,Mistral,2022,,GLOBAL,999
bugatti,Bugatti,Tourbillon,2024,,GLOBAL,999
bugatti,Bugatti,Type 5,,,GLOBAL,999
bugatti,Bugatti,Type 64,,,GLOBAL,999
bugatti,Bugatti,Veyron,2005,2015,GLOBAL,999
buick,Buick,Cascada,2016,2019,GLOBAL,999
buick,Buick,Century,1939,2005,GLOBAL,999
buick,Buick,Enclave,2007,,GLOBAL,999
buick,Buick,Encore,2013,,GLOBAL,999
buick,Buick,Envision,2014,,GLOBAL,999
buick,Buick,Envista,2023,,GLOBAL,999
buick,Buick,Gran Sport,1970,1971,GLOBAL,999
buick,Buick,LaCrosse,2004,2019,GLOBAL,999
buick,Buick,LeSabre,1991,2005,GLOBAL,999
buick,Buick,Lucerne,2005,2011,GLOBAL,999
buick,Buick,Model 26,,,GLOBAL,999
buick,Buick,Model 27,,,GLOBAL,999
buick,Buick,Model 32,,,GLOBAL,999
buick,Buick,Model 33,,,GLOBAL,999
buick,Buick,Model 38,,,GLOBAL,999
buick,Buick,Model 39,,,GLOBAL,999
buick,Buick,Model 41,,,GLOBAL,999
buick,Buick,Model C,,,GLOBAL,999
buick,Buick,Park Avenue,1991,2005,GLOBAL,999
buick,Buick,Rainier,2003,2007,GLOBAL,999
buick,Buick,Reatta,1988,1991,GLOBAL,999
buick,Buick,Regal,1988,2020,GLOBAL,999
buick,Buick,Rendezvous,2002,2007,GLOBAL,999
buick,Buick,Riviera,1963,1993,GLOBAL,999
buick,Buick,Skylark,1953,1997,GLOBAL,999
buick,Buick,Terraza,2005,2007,GLOBAL,999
buick,Buick,Verano,2012,2017,GLOBAL,999
byd,BYD,ATTO 2,2025,,BG,40
byd,BYD,ATTO 3,2022,,BG,40
byd,BYD,DOLPHIN,2025,,BG,40
byd,BYD,Sealion 7,2024,,BG,40
cadillac,Cadillac,Allante,1987,1993,GLOBAL,999
cadillac,Cadillac,ATS,2012,2019,GLOBAL,999
cadillac,Cadillac,ATS-V,2015,2019,GLOBAL,999
cadillac,Cadillac,BLS,2006,2010,GLOBAL,999
cadillac,Cadillac,Brougham,1992,1996,GLOBAL,999
cadillac,Cadillac,Catera,1997,2001,GLOBAL,999
cadillac,Cadillac,Celestiq,2023,,GLOBAL,999
cadillac,Cadillac,CT4,2019,,GLOBAL,999
cadillac,Cadillac,CT4-V,2019,,GLOBAL,999
cadillac,Cadillac,CT5,2019,,GLOBAL,999
cadillac,Cadillac,CT5-V,2019,,GLOBAL,999
cadillac,Cadillac,CT6,2016,2023,GLOBAL,999
cadillac,Cadillac,CTS,2002,2019,GLOBAL,999
cadillac,Cadillac,CTS Sport,2009,2014,GLOBAL,999
cadillac,Cadillac,CTS V-Series,2003,2019,GLOBAL,999
cadillac,Cadillac,CTS-V,2012,2015,GLOBAL,999
cadillac,Cadillac,CTS-V Sport,2010,2014,GLOBAL,999
cadillac,Cadillac,DeVille,1994,2005,GLOBAL,999
cadillac,Cadillac,DTS,2005,2011,GLOBAL,999
cadillac,Cadillac,Eldorado,1957,2003,GLOBAL,999
cadillac,Cadillac,ELR,2014,2016,GLOBAL,999
cadillac,Cadillac,Escalade,2000,,GLOBAL,999
cadillac,Cadillac,Escalade ESV,2002,2024,GLOBAL,999
cadillac,Cadillac,Escalade EXT,2001,2013,GLOBAL,999
cadillac,Cadillac,Escalade IQL,2025,,GLOBAL,999
cadillac,Cadillac,Lyriq,2022,,GLOBAL,999
cadillac,Cadillac,Lyriq-V,2025,,GLOBAL,999
cadillac,Cadillac,Optiq,2023,,GLOBAL,999
cadillac,Cadillac,Optiq-V,2025,,GLOBAL,999
cadillac,Cadillac,Seville,1992,2004,GLOBAL,999
cadillac,Cadillac,SRX,2004,2016,GLOBAL,999
cadillac,Cadillac,STS,2004,2010,GLOBAL,999
cadillac,Cadillac,Vistiq,2023,,GLOBAL,999
cadillac,Cadillac,XLR,2003,2009,GLOBAL,999
cadillac,Cadillac,XLR V-Series,2008,2009,GLOBAL,999
cadillac,Cadillac,XT4,2018,2025,GLOBAL,999
cadillac,Cadillac,XT5,2016,2024,GLOBAL,999
cadillac,Cadillac,XT6,2019,2025,GLOBAL,999
cadillac,Cadillac,XTS,2013,2019,GLOBAL,999
caterham,Caterham,Classic,2000,2005,GLOBAL,999
caterham,Caterham,CSR,2005,2024,GLOBAL,999
caterham,Caterham,Roadsport,2007,2009,GLOBAL,999
caterham,Caterham,Seven 160,2013,,GLOBAL,999
caterham,Caterham,Seven 620,2013,,GLOBAL,999
caterham,Caterham,Superlight,2013,,GLOBAL,999
caterham,Caterham,Supersport,2012,,GLOBAL,999
caterham,Caterham,The Super Seven 1600,2020,,GLOBAL,999
changan,Changan,Alsvin,2018,,GLOBAL,999
changan,Changan,CS15,2016,,GLOBAL,999
changan,Changan,CS35,2012,,GLOBAL,999
changan,Changan,CS55,2017,,GLOBAL,999
changan,Changan,CS75,2014,,GLOBAL,999
changan,Changan,CS85,2019,,GLOBAL,999
changan,Changan,CS95,2017,,GLOBAL,999
changan,Changan,Eado,2012,,GLOBAL,999
changan,Changan,Hunter,2019,,GLOBAL,999
changan,Changan,UNI-K,2021,,GLOBAL,999
changan,Changan,UNI-T,2020,,GLOBAL,999
changan,Changan,UNI-V,2022,,GLOBAL,999
chery,Chery,TIGGO 7,2024,,GLOBAL,999
chery,Chery,TIGGO 8,2022,,GLOBAL,999
chery,Chery,TIGGO 9,2025,,GLOBAL,999
chevrolet,Chevrolet,Agile,2009,2016,BG,27
chevrolet,Chevrolet,Astro,1994,2005,BG,27
chevrolet,Chevrolet,Avalanche,2001,2013,BG,27
chevrolet,Chevrolet,Aveo / Kalos,2002,2016,BG,27
chevrolet,Chevrolet,Blazer,1995,,BG,27
chevrolet,Chevrolet,Bolt,2016,,BG,27
chevrolet,Chevrolet,Camaro,1967,2023,BG,27
chevrolet,Chevrolet,Captiva,2006,2016,BG,27
chevrolet,Chevrolet,Cavalier,1994,2005,BG,27
chevrolet,Chevrolet,Celta,2000,2015,BG,27
chevrolet,Chevrolet,Chevelle,1963,1977,BG,27
chevrolet,Chevrolet,Classic,2002,2016,BG,27
chevrolet,Chevrolet,Cobalt,2004,2020,BG,27
chevrolet,Chevrolet,Colorado,2003,,BG,27
chevrolet,Chevrolet,Colorado Regular Cab,2003,2012,BG,27
chevrolet,Chevrolet,Corvette,1953,,BG,27
chevrolet,Chevrolet,Corvette E-Ray,2023,,BG,27
chevrolet,Chevrolet,Corvette Grand Sport,2026,,BG,27
chevrolet,Chevrolet,Corvette Grand Sport X,,,BG,27
chevrolet,Chevrolet,Corvette Z06,2008,,BG,27
chevrolet,Chevrolet,Corvette ZR1,2008,,BG,27
chevrolet,Chevrolet,Cruze,2009,2019,BG,27
chevrolet,Chevrolet,Epica,2006,2011,BG,27
chevrolet,Chevrolet,Equinox,2004,,BG,27
chevrolet,Chevrolet,Evanda,2004,2006,BG,27
chevrolet,Chevrolet,Express,1995,,BG,27
chevrolet,Chevrolet,HHR,2005,2011,BG,27
chevrolet,Chevrolet,Impala,1958,2020,BG,27
chevrolet,Chevrolet,Malibu,1996,2024,BG,27
chevrolet,Chevrolet,Malibu Maxx,2003,2008,BG,27
chevrolet,Chevrolet,Matiz / Spark,2000,2022,BG,27
chevrolet,Chevrolet,Monte Carlo,2005,2007,BG,27
chevrolet,Chevrolet,Nubira / Lacetti,2002,2009,BG,27
chevrolet,Chevrolet,Onix,2012,2019,BG,27
chevrolet,Chevrolet,Orlando,2010,2018,BG,27
chevrolet,Chevrolet,Prisma,2013,2016,BG,27
chevrolet,Chevrolet,S-10,1997,2004,BG,27
chevrolet,Chevrolet,Silverado,2008,,BG,27
chevrolet,Chevrolet,Silverado 2500HD,2007,,BG,27
chevrolet,Chevrolet,Silverado 3500HD,2008,2013,BG,27
chevrolet,Chevrolet,Silverado Hybrid,2008,2013,BG,27
chevrolet,Chevrolet,Sonic,2011,2020,BG,27
chevrolet,Chevrolet,Sonic RS,2012,2020,BG,27
chevrolet,Chevrolet,Spark EV,2013,2016,BG,27
chevrolet,Chevrolet,Spin,2012,2018,BG,27
chevrolet,Chevrolet,SS,2013,2017,BG,27
chevrolet,Chevrolet,SSR,2003,2006,BG,27
chevrolet,Chevrolet,Suburban,1999,,BG,27
chevrolet,Chevrolet,Tacuma,2004,2008,BG,27
chevrolet,Chevrolet,Tahoe,1991,,BG,27
chevrolet,Chevrolet,Tracker,1999,2017,BG,27
chevrolet,Chevrolet,TrailBlazer,2000,,BG,27
chevrolet,Chevrolet,Traverse,2008,,BG,27
chevrolet,Chevrolet,Trax,2013,,BG,27
chevrolet,Chevrolet,Uplander,2004,2009,BG,27
chevrolet,Chevrolet,Venture,1996,2005,BG,27
chevrolet,Chevrolet,Volt,2011,2019,BG,27
chrysler,Chrysler,200,2011,2016,GLOBAL,999
chrysler,Chrysler,300,2011,2023,GLOBAL,999
chrysler,Chrysler,300C,1957,,GLOBAL,999
chrysler,Chrysler,300M,1998,2004,GLOBAL,999
chrysler,Chrysler,Aspen,2006,2009,GLOBAL,999
chrysler,Chrysler,Concorde,1993,2004,GLOBAL,999
chrysler,Chrysler,Crossfire,2003,2008,GLOBAL,999
chrysler,Chrysler,Daytona,1992,1993,GLOBAL,999
chrysler,Chrysler,Grand Voyager,2008,2015,GLOBAL,999
chrysler,Chrysler,LeBaron,1982,1988,GLOBAL,999
chrysler,Chrysler,New Yorker,1955,1997,GLOBAL,999
chrysler,Chrysler,Pacifica,2003,,GLOBAL,999
chrysler,Chrysler,PT Cruiser,2000,2010,GLOBAL,999
chrysler,Chrysler,Saratoga,1989,1995,GLOBAL,999
chrysler,Chrysler,Sebring,2000,2010,GLOBAL,999
chrysler,Chrysler,Town & Country,2000,2016,GLOBAL,999
chrysler,Chrysler,Voyager,2000,2003,GLOBAL,999
citroen,Citroen,CITROEN 2CV,1949,1990,BG,13
citroen,Citroen,CITROEN AMI,2020,,BG,13
citroen,Citroen,CITROEN AX,1986,1998,BG,13
citroen,Citroen,CITROEN Axel,1985,1989,BG,13
citroen,Citroen,CITROEN Berlingo,1996,,BG,13
citroen,Citroen,CITROEN BX,1983,1993,BG,13
citroen,Citroen,CITROEN BX Break,1985,1994,BG,13
citroen,Citroen,CITROEN C-Crosser,2007,2012,BG,13
citroen,Citroen,CITROEN C-Elysee,2013,2016,BG,13
citroen,Citroen,CITROEN C-Zero,2010,2020,BG,13
citroen,Citroen,CITROEN C1,2005,2022,BG,13
citroen,Citroen,CITROEN C2,2003,2010,BG,13
citroen,Citroen,CITROEN C3,2002,,BG,13
citroen,Citroen,CITROEN C3 Aircross,2017,,BG,13
citroen,Citroen,CITROEN C3 Picasso,2008,2017,BG,13
citroen,Citroen,CITROEN C3 Pluriel,2003,2010,BG,13
citroen,Citroen,CITROEN C4,2004,,BG,13
citroen,Citroen,CITROEN C4 Aircross,2012,2017,BG,13
citroen,Citroen,CITROEN C4 Cactus,2014,2020,BG,13
citroen,Citroen,CITROEN C4 Picasso,2007,2018,BG,13
citroen,Citroen,CITROEN C5,2001,2019,BG,13
citroen,Citroen,CITROEN C5 Aircross,2018,,BG,13
citroen,Citroen,CITROEN C5 Crosstourer,2014,2019,BG,13
citroen,Citroen,CITROEN C5 X,2021,,BG,13
citroen,Citroen,CITROEN C6,2005,2012,BG,13
citroen,Citroen,CITROEN C8,2002,2014,BG,13
citroen,Citroen,CITROEN CX,1974,1989,BG,13
citroen,Citroen,CITROEN CX Break,1976,1991,BG,13
citroen,Citroen,CITROEN DS,1955,1976,BG,13
citroen,Citroen,CITROEN DS3,2009,2014,BG,13
citroen,Citroen,CITROEN DS4,2010,2014,BG,13
citroen,Citroen,CITROEN DS5,2011,2018,BG,13
citroen,Citroen,CITROEN Dyane,1969,1983,BG,13
citroen,Citroen,CITROEN E-Mehari,2016,2019,BG,13
citroen,Citroen,CITROEN Evasion,1994,2002,BG,13
citroen,Citroen,CITROEN Grand C4 Picasso,2006,2018,BG,13
citroen,Citroen,CITROEN GSA,1979,1986,BG,13
citroen,Citroen,CITROEN LNA,1978,1984,BG,13
citroen,Citroen,CITROEN Nemo,2008,2015,BG,13
citroen,Citroen,CITROEN Saxo,1996,2003,BG,13
citroen,Citroen,CITROEN SM,1970,1975,BG,13
citroen,Citroen,CITROEN Visa,1978,1988,BG,13
citroen,Citroen,CITROEN Visa Decouvrable,1984,1985,BG,13
citroen,Citroen,CITROEN Xantia,1993,2001,BG,13
citroen,Citroen,CITROEN Xantia Break,1995,2001,BG,13
citroen,Citroen,CITROEN XM,1989,2000,BG,13
citroen,Citroen,CITROEN XM Break,1992,2000,BG,13
citroen,Citroen,CITROEN Xsara,1997,2004,BG,13
citroen,Citroen,CITROEN Xsara Break,2000,2005,BG,13
citroen,Citroen,CITROEN Xsara Picasso,1999,2012,BG,13
citroen,Citroen,CITROEN ZX,1991,1997,BG,13
citroen,Citroen,CITROEN ZX Break,1994,1998,BG,13
cupra,Cupra,Ateca,2018,2020,BG,32
cupra,Cupra,Born,2021,,BG,32
cupra,Cupra,Formentor,2020,,BG,32
cupra,Cupra,Leon,2020,,BG,32
cupra,Cupra,Leon Sportstourer,2020,,BG,32
cupra,Cupra,Raval,2026,,BG,32
cupra,Cupra,Tavascan,2023,,BG,32
cupra,Cupra,Terramar,2024,,BG,32
dacia,Dacia,1100,1968,1971,BG,17
dacia,Dacia,1300,1969,1979,BG,17
dacia,Dacia,1300 Break,1972,1980,BG,17
dacia,Dacia,1310,1979,2005,BG,17
dacia,Dacia,1310 Break,1980,2004,BG,17
dacia,Dacia,1310/1410 Sport,1981,1992,BG,17
dacia,Dacia,1320,1988,1991,BG,17
dacia,Dacia,1325,1990,1996,BG,17
dacia,Dacia,500,1985,1992,BG,17
dacia,Dacia,Bigster,2024,,BG,17
dacia,Dacia,Dokker,2012,2021,BG,17
dacia,Dacia,Dokker Van,2012,2021,BG,17
dacia,Dacia,Duster,2010,,BG,17
dacia,Dacia,Duster Pick-Up,2020,,BG,17
dacia,Dacia,JOGGER,2020,,BG,17
dacia,Dacia,Lodgy,2012,2022,BG,17
dacia,Dacia,Logan,2004,,BG,17
dacia,Dacia,Logan MCV,2006,2020,BG,17
dacia,Dacia,Logan MCV Stepway,2017,2020,BG,17
dacia,Dacia,Logan Pick-Up,2007,2012,BG,17
dacia,Dacia,Logan Van,2007,2012,BG,17
dacia,Dacia,Nova,1995,1999,BG,17
dacia,Dacia,Sandero,2008,,BG,17
dacia,Dacia,Sandero Stepway,2009,,BG,17
dacia,Dacia,Solenza,2003,2005,BG,17
dacia,Dacia,Spring,2021,,BG,17
dacia,Dacia,Striker,2026,,BG,17
dacia,Dacia,SuperNova,1999,2003,BG,17
daewoo,Daewoo,Cielo,1994,1997,GLOBAL,999
daewoo,Daewoo,Damas II,2003,2011,GLOBAL,999
daewoo,Daewoo,Espero,1990,1997,GLOBAL,999
daewoo,Daewoo,G2X,2006,2009,GLOBAL,999
daewoo,Daewoo,Gentra,2005,2011,GLOBAL,999
daewoo,Daewoo,Lacetti,2002,2011,GLOBAL,999
daewoo,Daewoo,Lanos,1996,2002,GLOBAL,999
daewoo,Daewoo,Leganza,1997,2002,GLOBAL,999
daewoo,Daewoo,Magnus,2002,2006,GLOBAL,999
daewoo,Daewoo,Matiz,1998,2009,GLOBAL,999
daewoo,Daewoo,Nubira,1997,2004,GLOBAL,999
daewoo,Daewoo,Statesman,2003,2006,GLOBAL,999
daewoo,Daewoo,Tacuma,2000,2008,GLOBAL,999
daewoo,Daewoo,Tico,1991,2001,GLOBAL,999
daewoo,Daewoo,Tosca,2006,2015,GLOBAL,999
daewoo,Daewoo,Winstorm,2006,2011,GLOBAL,999
daihatsu,Daihatsu,Altis,2000,2017,GLOBAL,999
daihatsu,Daihatsu,Applause,1989,2000,GLOBAL,999
daihatsu,Daihatsu,Ayla,2013,2017,GLOBAL,999
daihatsu,Daihatsu,Copen,2004,2012,GLOBAL,999
daihatsu,Daihatsu,Cuore,2007,2009,GLOBAL,999
daihatsu,Daihatsu,Feroza Hardtop,1991,1998,GLOBAL,999
daihatsu,Daihatsu,Feroza Softtop,1995,1998,GLOBAL,999
daihatsu,Daihatsu,Gran Move,1996,2002,GLOBAL,999
daihatsu,Daihatsu,Materia,2007,2010,GLOBAL,999
daihatsu,Daihatsu,Move,1997,2002,GLOBAL,999
daihatsu,Daihatsu,Rocky,1988,1994,GLOBAL,999
daihatsu,Daihatsu,Rocky Hardtop,1988,1994,GLOBAL,999
daihatsu,Daihatsu,Sirion,1998,2018,GLOBAL,999
daihatsu,Daihatsu,Sirion 2,2005,2008,GLOBAL,999
daihatsu,Daihatsu,Terios,1997,2017,GLOBAL,999
daihatsu,Daihatsu,Trevis,2004,2009,GLOBAL,999
daihatsu,Daihatsu,Valera,1996,2001,GLOBAL,999
datsun,Datsun,GO,2013,2022,GLOBAL,999
datsun,Datsun,GO+,2013,2022,GLOBAL,999
datsun,Datsun,Mi-Do,2014,2020,GLOBAL,999
datsun,Datsun,on-Do,2014,2020,GLOBAL,999
dmc,DMC,DeLorean DMC-12,1981,1983,GLOBAL,999
dodge,Dodge,Aries,1981,1989,BG,35
dodge,Dodge,Avenger,2007,2014,BG,35
dodge,Dodge,Caliber,2006,2011,BG,35
dodge,Dodge,Caliber SRT4,2007,2009,BG,35
dodge,Dodge,Caravan,1983,2014,BG,35
dodge,Dodge,Challenger,1969,2023,BG,35
dodge,Dodge,Challenger SRT,2009,,BG,35
dodge,Dodge,Charger,1966,,BG,35
dodge,Dodge,Charger SRT,2006,2023,BG,35
dodge,Dodge,Dakota,1996,2004,BG,35
dodge,Dodge,Dakota Club Cab,2004,2011,BG,35
dodge,Dodge,Dakota Quad Cab,2004,2011,BG,35
dodge,Dodge,Dart,2012,2014,BG,35
dodge,Dodge,Durango,1997,,BG,35
dodge,Dodge,Durango SRT,2017,,BG,35
dodge,Dodge,Hornet,2022,,BG,35
dodge,Dodge,Journey,2008,2020,BG,35
dodge,Dodge,Magnum,2004,2008,BG,35
dodge,Dodge,Magnum SRT8,2005,2008,BG,35
dodge,Dodge,Neon,1994,2005,BG,35
dodge,Dodge,Nitro,2006,2012,BG,35
dodge,Dodge,Ram,1993,2013,BG,35
dodge,Dodge,Stratus,1994,2005,BG,35
dodge,Dodge,Viper,1991,2017,BG,35
dongfeng,Dongfeng,AX7,2014,,GLOBAL,999
dongfeng,Dongfeng,Fengon 500,2018,,GLOBAL,999
dongfeng,Dongfeng,Fengon 580,2016,,GLOBAL,999
dongfeng,Dongfeng,Rich 6,2017,,GLOBAL,999
dongfeng,Dongfeng,T5 Evo,2021,,GLOBAL,999
donkervoort,Donkervoort,D8,1993,2012,GLOBAL,999
donkervoort,Donkervoort,P24,2026,,GLOBAL,999
dr,DR,MOTOR dr cityCROSS,2013,2016,GLOBAL,999
dr,DR,MOTOR dr1,2009,2014,GLOBAL,999
dr,DR,MOTOR dr2,2010,2014,GLOBAL,999
dr,DR,MOTOR dr5,2007,2020,GLOBAL,999
ds,DS,AUTOMOBILES DS 3,2014,,GLOBAL,999
ds,DS,AUTOMOBILES DS 3 Cabrio,2013,2018,GLOBAL,999
ds,DS,AUTOMOBILES DS 3 Crossback,2018,2022,GLOBAL,999
ds,DS,AUTOMOBILES DS 4,2021,,GLOBAL,999
ds,DS,AUTOMOBILES DS 5,2016,2018,GLOBAL,999
ds,DS,AUTOMOBILES DS 5LS,2014,2018,GLOBAL,999
ds,DS,AUTOMOBILES DS 7,2017,,GLOBAL,999
ds,DS,AUTOMOBILES DS 9,2020,,GLOBAL,999
ds,DS,AUTOMOBILES DS N8,2024,,GLOBAL,999
eagle,Eagle,Premier,1987,1993,GLOBAL,999
eagle,Eagle,Summit,1992,1996,GLOBAL,999
eagle,Eagle,Talon,1995,1998,GLOBAL,999
el-nasr,El Nasr,128,1974,2009,GLOBAL,999
el-nasr,El Nasr,1300,1971,1985,GLOBAL,999
el-nasr,El Nasr,133,1977,1990,GLOBAL,999
el-nasr,El Nasr,1500,1971,1985,GLOBAL,999
el-nasr,El Nasr,Dogan,1992,2007,GLOBAL,999
el-nasr,El Nasr,Florida,1990,2009,GLOBAL,999
el-nasr,El Nasr,Nasr Jeep,1980,2010,GLOBAL,999
el-nasr,El Nasr,Polonez,1986,2002,GLOBAL,999
el-nasr,El Nasr,Shahin,1985,2000,GLOBAL,999
ferrari,Ferrari,12Cilindri,2024,,GLOBAL,999
ferrari,Ferrari,288 GTO/F40/F50/Enzo/LaFerrari,1984,2015,GLOBAL,999
ferrari,Ferrari,296 GTB,2022,,GLOBAL,999
ferrari,Ferrari,296 GTS,2022,,GLOBAL,999
ferrari,Ferrari,296 Speciale,2025,,GLOBAL,999
ferrari,Ferrari,308 GTB/GTS,1975,1985,GLOBAL,999
ferrari,Ferrari,328 GTB/GTS,1985,1989,GLOBAL,999
ferrari,Ferrari,348,1989,1995,GLOBAL,999
ferrari,Ferrari,360,2000,2005,GLOBAL,999
ferrari,Ferrari,360 Challenge Stradale,2003,2005,GLOBAL,999
ferrari,Ferrari,360 Modena,1999,2004,GLOBAL,999
ferrari,Ferrari,365,1968,1974,GLOBAL,999
ferrari,Ferrari,365GT4 BB/ 512BB/ 512 BBi,1973,1984,GLOBAL,999
ferrari,Ferrari,400,1976,1989,GLOBAL,999
ferrari,Ferrari,456 GT,1992,2003,GLOBAL,999
ferrari,Ferrari,458,2011,2015,GLOBAL,999
ferrari,Ferrari,458 Italia,2009,2015,GLOBAL,999
ferrari,Ferrari,458 Speciale,2013,2015,GLOBAL,999
ferrari,Ferrari,458 Speciale A,2014,2015,GLOBAL,999
ferrari,Ferrari,488,2016,2019,GLOBAL,999
ferrari,Ferrari,488 GTB,2015,2019,GLOBAL,999
ferrari,Ferrari,488 Pista,2018,2020,GLOBAL,999
ferrari,Ferrari,550 Barchetta/575M Superamerica,2000,2006,GLOBAL,999
ferrari,Ferrari,550/575M Maranello,1996,2006,GLOBAL,999
ferrari,Ferrari,599,2006,2012,GLOBAL,999
ferrari,Ferrari,612 Scaglietti,2004,2011,GLOBAL,999
ferrari,Ferrari,812,2017,2024,GLOBAL,999
ferrari,Ferrari,Amalfi,2025,,GLOBAL,999
ferrari,Ferrari,California T,2014,2017,GLOBAL,999
ferrari,Ferrari,Daytona,2021,,GLOBAL,999
ferrari,Ferrari,Dino,1968,1980,GLOBAL,999
ferrari,Ferrari,F12 Berlinetta,2012,2015,GLOBAL,999
ferrari,Ferrari,F12 TRS,2014,2014,GLOBAL,999
ferrari,Ferrari,F12tdf,2015,2017,GLOBAL,999
ferrari,Ferrari,F149 California,2008,2017,GLOBAL,999
ferrari,Ferrari,F355,1994,1999,GLOBAL,999
ferrari,Ferrari,F430,2004,2009,GLOBAL,999
ferrari,Ferrari,F60 America,2014,2016,GLOBAL,999
ferrari,Ferrari,F8,2019,2023,GLOBAL,999
ferrari,Ferrari,F80,2024,,GLOBAL,999
ferrari,Ferrari,FF,2011,2016,GLOBAL,999
ferrari,Ferrari,FXX,2005,2007,GLOBAL,999
ferrari,Ferrari,GTC4Lusso,2016,2020,GLOBAL,999
ferrari,Ferrari,GTC4Lusso T,2016,2020,GLOBAL,999
ferrari,Ferrari,LaFerrari,2016,2018,GLOBAL,999
ferrari,Ferrari,Luce,2026,,GLOBAL,999
ferrari,Ferrari,Mondial,1980,1993,GLOBAL,999
ferrari,Ferrari,Monza,2018,2022,GLOBAL,999
ferrari,Ferrari,Portofino,2017,,GLOBAL,999
ferrari,Ferrari,Purosangue,2022,,GLOBAL,999
ferrari,Ferrari,Roma,2019,,GLOBAL,999
ferrari,Ferrari,Scuderia,2008,2009,GLOBAL,999
ferrari,Ferrari,SF90,2019,,GLOBAL,999
ferrari,Ferrari,Testarossa,2025,,GLOBAL,999
ferrari,Ferrari,Testarossa/512 TR/512M,1984,,GLOBAL,999
fiat,Fiat,124,1966,2021,BG,21
fiat,Fiat,124 Familiale,1966,1970,BG,21
fiat,Fiat,124 Saloon,1966,1974,BG,21
fiat,Fiat,125,1967,1972,BG,21
fiat,Fiat,126,1972,2000,BG,21
fiat,Fiat,127,1971,1981,BG,21
fiat,Fiat,127 Panorama,1980,1983,BG,21
fiat,Fiat,128,1972,1974,BG,21
fiat,Fiat,128 Saloon,1969,1976,BG,21
fiat,Fiat,130,1971,1972,BG,21
fiat,Fiat,130 Sedan,1969,1976,BG,21
fiat,Fiat,131,1974,1981,BG,21
fiat,Fiat,132,1972,1981,BG,21
fiat,Fiat,3 1/2 HP,,,BG,21
fiat,Fiat,500,1957,,BG,21
fiat,Fiat,500 3+1,2020,,BG,21
fiat,Fiat,500 Abarth,2008,,BG,21
fiat,Fiat,500 K / Giardiniera,1960,1977,BG,21
fiat,Fiat,500e,2013,2020,BG,21
fiat,Fiat,500L,2012,2017,BG,21
fiat,Fiat,500L Living,2013,2022,BG,21
fiat,Fiat,500L Trekking,2013,2017,BG,21
fiat,Fiat,500L Urban,2017,2022,BG,21
fiat,Fiat,500X,2015,2024,BG,21
fiat,Fiat,600,1955,,BG,21
fiat,Fiat,850,1964,1971,BG,21
fiat,Fiat,Albea / Siena,2002,2012,BG,21
fiat,Fiat,Argenta,1981,1985,BG,21
fiat,Fiat,Argo,,,BG,21
fiat,Fiat,Barchetta,1995,2005,BG,21
fiat,Fiat,Brava,1995,2001,BG,21
fiat,Fiat,Bravo,1995,2010,BG,21
fiat,Fiat,Campagnola,1955,1979,BG,21
fiat,Fiat,Cinquecento,1991,1998,BG,21
fiat,Fiat,Coupe,1994,2000,BG,21
fiat,Fiat,Croma,1986,2011,BG,21
fiat,Fiat,Dino,1967,1972,BG,21
fiat,Fiat,Doblo,2001,2022,BG,21
fiat,Fiat,Freemont,2011,2018,BG,21
fiat,Fiat,Fullback,2016,2019,BG,21
fiat,Fiat,Grande Panda,2024,,BG,21
fiat,Fiat,Grande Punto / Punto Evo,2005,2012,BG,21
fiat,Fiat,Idea,2003,2016,BG,21
fiat,Fiat,Linea,2006,2015,BG,21
fiat,Fiat,Marea,1996,2002,BG,21
fiat,Fiat,Marea Weekend,1996,2002,BG,21
fiat,Fiat,Mille,1983,2013,BG,21
fiat,Fiat,Multipla,1998,2010,BG,21
fiat,Fiat,Palio,2011,2016,BG,21
fiat,Fiat,Palio Weekend,2012,2019,BG,21
fiat,Fiat,Panda,1981,2024,BG,21
fiat,Fiat,Panda 4X4,1986,2023,BG,21
fiat,Fiat,Panda City Cross,2017,2020,BG,21
fiat,Fiat,Panda Cross,2014,2017,BG,21
fiat,Fiat,Punto,1994,2018,BG,21
fiat,Fiat,Punto Cabrio,1994,1999,BG,21
fiat,Fiat,Qubo,2008,2019,BG,21
fiat,Fiat,Regata,1984,1989,BG,21
fiat,Fiat,Regata Weekend,1986,1989,BG,21
fiat,Fiat,Ritmo,1978,1982,BG,21
fiat,Fiat,Sedici,2006,2014,BG,21
fiat,Fiat,Seicento,1998,2006,BG,21
fiat,Fiat,Stilo,2001,2007,BG,21
fiat,Fiat,Stilo Multi,2003,2010,BG,21
fiat,Fiat,Tempra,1990,1998,BG,21
fiat,Fiat,Tempra SW,1990,1998,BG,21
fiat,Fiat,Tipo,1988,,BG,21
fiat,Fiat,Tipo Cross,2020,,BG,21
fiat,Fiat,Tipo Station,2016,2021,BG,21
fiat,Fiat,Topolino,1936,,BG,21
fiat,Fiat,Ulysse,1994,2007,BG,21
fiat,Fiat,Uno,1983,2021,BG,21
fiat,Fiat,Viaggio,2013,2017,BG,21
fiat,Fiat,X1/9,1972,1989,BG,21
fisker,Fisker,Karma,2011,2012,GLOBAL,999
fisker,Fisker,Ocean,2021,,GLOBAL,999
ford,Ford,B-Max,2012,2017,BG,10
ford,Ford,Bronco,1966,,BG,10
ford,Ford,C-Max,2003,2019,BG,10
ford,Ford,Capri,1969,1986,BG,10
ford,Ford,Capri SUV,2024,,BG,10
ford,Ford,Contour/Mondeo,1997,2000,BG,10
ford,Ford,Corsair,1964,1970,BG,10
ford,Ford,Cortina,1962,1979,BG,10
ford,Ford,Cougar,1998,2001,BG,10
ford,Ford,Crown Victoria,1998,2007,BG,10
ford,Ford,E-Tourneo,2023,,BG,10
ford,Ford,Econovan,1999,2005,BG,10
ford,Ford,EcoSport,2004,2022,BG,10
ford,Ford,Edge,2006,2023,BG,10
ford,Ford,Edge ST,2018,2024,BG,10
ford,Ford,Escape,2000,,BG,10
ford,Ford,Escort,1980,2000,BG,10
ford,Ford,Escort Cabrio,1993,1998,BG,10
ford,Ford,Escort Clipper,1991,1992,BG,10
ford,Ford,Everest,2003,,BG,10
ford,Ford,Excursion,2000,2005,BG,10
ford,Ford,Expedition,1996,,BG,10
ford,Ford,Explorer,2000,,BG,10
ford,Ford,Explorer Electric,2023,,BG,10
ford,Ford,Explorer Sport,2001,2005,BG,10
ford,Ford,Explorer Sport Trac,2002,2010,BG,10
ford,Ford,F-150 Raptor,2009,,BG,10
ford,Ford,F-150 Regular Cab,1996,2014,BG,10
ford,Ford,F-150 Super Cab,2001,,BG,10
ford,Ford,F-150 Super Crew,2001,,BG,10
ford,Ford,Fiesta,1976,,BG,10
ford,Ford,Fiesta ST,2012,2021,BG,10
ford,Ford,Figo,2010,,BG,10
ford,Ford,Five Hundred,2004,2007,BG,10
ford,Ford,Flex,2009,2019,BG,10
ford,Ford,Focus CC,2006,2011,BG,10
ford,Ford,Focus RS,2002,2018,BG,10
ford,Ford,Focus ST,2012,,BG,10
ford,Ford,Focus US,1998,,BG,10
ford,Ford,Freestar,2003,2007,BG,10
ford,Ford,Freestyle,2004,2007,BG,10
ford,Ford,Fusion European,2002,2012,BG,10
ford,Ford,Fusion North American,2005,2020,BG,10
ford,Ford,Galaxy,1995,2022,BG,10
ford,Ford,Grand C-MAX,2011,2015,BG,10
ford,Ford,GT,2004,2022,BG,10
ford,Ford,Ka,1997,2015,BG,10
ford,Ford,Ka+,2016,2019,BG,10
ford,Ford,Ka+ Active,2018,2019,BG,10
ford,Ford,Kuga,2008,,BG,10
ford,Ford,Maverick,2021,,BG,10
ford,Ford,Maverick LWB,1993,1998,BG,10
ford,Ford,Maverick SWB,1993,1998,BG,10
ford,Ford,Mondeo,1993,2022,BG,10
ford,Ford,Mustang,1964,,BG,10
ford,Ford,Mustang Mach 1,2020,,BG,10
ford,Ford,Mustang MACH-E,2020,,BG,10
ford,Ford,Orion,1990,1993,BG,10
ford,Ford,Pinto,1971,1980,BG,10
ford,Ford,Probe,1994,1998,BG,10
ford,Ford,Puma,1998,2024,BG,10
ford,Ford,Puma ST,2020,,BG,10
ford,Ford,Ranger,2011,,BG,10
ford,Ford,Ranger Regular Cab,2000,2017,BG,10
ford,Ford,Ranger Super Cab,2000,2017,BG,10
ford,Ford,Ranger Tremor,2023,,BG,10
ford,Ford,Ranger Wildtrak,2023,,BG,10
ford,Ford,Raptor Ranger,2018,2022,BG,10
ford,Ford,S-Max,2006,2023,BG,10
ford,Ford,Scorpio,1990,1997,BG,10
ford,Ford,Sierra,1990,1993,BG,10
ford,Ford,SportKa,2003,2008,BG,10
ford,Ford,StreetKa,2003,2006,BG,10
ford,Ford,Super Duty,2021,,BG,10
ford,Ford,Taurus,1995,2019,BG,10
ford,Ford,Taurus SHO,2009,2019,BG,10
ford,Ford,Taurus X,2007,2009,BG,10
ford,Ford,Territory,2018,2022,BG,10
ford,Ford,Thunderbird,1955,2005,BG,10
ford,Ford,Tourneo,2003,2024,BG,10
ford,Ford,Transit Connect,2018,2023,BG,10
ford,Ford,Transit Custom,2019,2023,BG,10
ford,Ford,Wildtrak,2019,,BG,10
ford,Ford,Windstar,1998,2004,BG,10
ford,Ford,Zodiac,1962,1972,BG,10
foton,Foton,Sauvana,2015,,GLOBAL,999
foton,Foton,Tunland,2012,,GLOBAL,999
foton,Foton,View,2008,,GLOBAL,999
fso,FSO,125,1968,1978,GLOBAL,999
fso,FSO,Polonez,1978,1985,GLOBAL,999
fso,FSO,Polonez Atu,1993,2003,GLOBAL,999
fso,FSO,Polonez Caro,1991,2002,GLOBAL,999
fso,FSO,Polonez Estate/Wagon,1999,2002,GLOBAL,999
fso,FSO,Prima,1988,1996,GLOBAL,999
gac,GAC,Aion S,2019,,GLOBAL,999
gac,GAC,Aion V,2020,,GLOBAL,999
gac,GAC,Aion Y,2021,,GLOBAL,999
gac,GAC,Emkoo,2022,,GLOBAL,999
gac,GAC,Emzoom,2022,,GLOBAL,999
gac,GAC,GA4,2018,,GLOBAL,999
gac,GAC,GA6,2014,,GLOBAL,999
gac,GAC,GN6,2019,,GLOBAL,999
gac,GAC,GS3,2017,,GLOBAL,999
gac,GAC,GS4,2015,,GLOBAL,999
gac,GAC,GS8,2016,,GLOBAL,999
gaz,GAZ,Gazelle,1994,,GLOBAL,999
gaz,GAZ,Sobol,1998,,GLOBAL,999
gaz,GAZ,Volga,1956,2010,GLOBAL,999
geely,Geely,CK,2005,2016,GLOBAL,999
geely,Geely,Emgrand EC7,2009,2014,GLOBAL,999
geely,Geely,Galaxy,2023,,GLOBAL,999
geely,Geely,Galaxy M9,2025,,GLOBAL,999
geely,Geely,LC,2009,2017,GLOBAL,999
geely,Geely,MK,2006,2014,GLOBAL,999
genesis,Genesis,G70,2017,,GLOBAL,999
genesis,Genesis,G70 Shooting Brake,2021,,GLOBAL,999
genesis,Genesis,G80,2016,,GLOBAL,999
genesis,Genesis,G90,2016,,GLOBAL,999
genesis,Genesis,GV60,2022,,GLOBAL,999
genesis,Genesis,GV70,2020,,GLOBAL,999
genesis,Genesis,GV80,2023,,GLOBAL,999
gmc,GMC,Acadia,2007,2023,GLOBAL,999
gmc,GMC,Canyon,2004,2021,GLOBAL,999
gmc,GMC,Canyon Regular Cab,2004,2013,GLOBAL,999
gmc,GMC,Envoy,2001,2009,GLOBAL,999
gmc,GMC,Envoy XL,2001,2006,GLOBAL,999
gmc,GMC,Envoy XUV,2003,2005,GLOBAL,999
gmc,GMC,Hummer EV,2021,,GLOBAL,999
gmc,GMC,Hummer EV SUV,2023,,GLOBAL,999
gmc,GMC,Jimmy,1997,2001,GLOBAL,999
gmc,GMC,Safari,1994,2005,GLOBAL,999
gmc,GMC,Savana,1995,,GLOBAL,999
gmc,GMC,Sierra,2007,,GLOBAL,999
gmc,GMC,Sierra 2500HD,2008,2022,GLOBAL,999
gmc,GMC,Sierra 3500HD,2008,2019,GLOBAL,999
gmc,GMC,Terrain,2009,,GLOBAL,999
gmc,GMC,Typhoon,1992,1993,GLOBAL,999
gmc,GMC,Yukon,1999,,GLOBAL,999
gmc,GMC,Yukon XL,1999,,GLOBAL,999
gordon-murray-automotive,Gordon Murray Automotive,T.33,2022,,GLOBAL,999
gordon-murray-automotive,Gordon Murray Automotive,T.50,2022,,GLOBAL,999
great-wall,Great Wall,Poer,2019,,BG,38
great-wall,Great Wall,Steed,2006,2020,BG,38
great-wall,Great Wall,Voleex C30,2010,2017,BG,38
great-wall,Great Wall,Wingle,2006,,BG,38
gta,GTA,Motor Spano,2012,2015,GLOBAL,999
haval,Haval,Dargo,2021,,BG,39
haval,Haval,F7,2018,,BG,39
haval,Haval,F7x,2019,,BG,39
haval,Haval,H2,2014,2021,BG,39
haval,Haval,H6,2011,,BG,39
haval,Haval,H9,2015,,BG,39
haval,Haval,Jolion,2020,,BG,39
hindustan,Hindustan,Ambassador,1959,2014,GLOBAL,999
hindustan,Hindustan,Pushpak/Trekker,1999,2014,GLOBAL,999
hindustan,Hindustan,RTV/Ranger,1998,2014,GLOBAL,999
holden,Holden,Adventra,2003,2007,GLOBAL,999
holden,Holden,Astra,2004,2009,GLOBAL,999
holden,Holden,Astra Caravan,2003,2009,GLOBAL,999
holden,Holden,Astra TwinTop,2007,2009,GLOBAL,999
holden,Holden,Barina,2000,2018,GLOBAL,999
holden,Holden,Barina RS,2013,2016,GLOBAL,999
holden,Holden,Barina Spark,2010,2016,GLOBAL,999
holden,Holden,Caprice/Statesman,1999,2017,GLOBAL,999
holden,Holden,Captiva,2006,2018,GLOBAL,999
holden,Holden,Captiva MaXX,2006,2011,GLOBAL,999
holden,Holden,Combo,2002,2012,GLOBAL,999
holden,Holden,Commodore,1997,2020,GLOBAL,999
holden,Holden,Crewman,2003,2007,GLOBAL,999
holden,Holden,Cruze Mk I,2002,2005,GLOBAL,999
holden,Holden,Cruze Mk II,2008,2016,GLOBAL,999
holden,Holden,Drover,1985,1987,GLOBAL,999
holden,Holden,Drover Deluxe,1985,1987,GLOBAL,999
holden,Holden,Epica,2007,2011,GLOBAL,999
holden,Holden,Frontera MX,1997,2003,GLOBAL,999
holden,Holden,HJ,1974,1976,GLOBAL,999
holden,Holden,HZ,1977,1980,GLOBAL,999
holden,Holden,Jackaroo,1998,2002,GLOBAL,999
holden,Holden,Malibu,2013,2016,GLOBAL,999
holden,Holden,Monaro,2001,2006,GLOBAL,999
holden,Holden,Rodeo,1996,2008,GLOBAL,999
holden,Holden,Statesman,1999,2010,GLOBAL,999
holden,Holden,Tigra,2005,2009,GLOBAL,999
holden,Holden,Trax,2013,2020,GLOBAL,999
holden,Holden,Ute,2003,2017,GLOBAL,999
holden,Holden,Vectra,1995,2005,GLOBAL,999
holden,Holden,Zafira,1999,2005,GLOBAL,999
honda,Honda,1300,1969,1973,BG,14
honda,Honda,Accord,1976,,BG,14
honda,Honda,Accord Crosstour,2009,2016,BG,14
honda,Honda,Accord Euro,1998,2010,BG,14
honda,Honda,Accord Tourer,1993,2012,BG,14
honda,Honda,Accord Type R,1998,2005,BG,14
honda,Honda,Airwave,2005,2010,BG,14
honda,Honda,Avancier,1999,2003,BG,14
honda,Honda,Beat,1991,1996,BG,14
honda,Honda,Civic,1972,,BG,14
honda,Honda,Civic Aero Deck,1998,2001,BG,14
honda,Honda,Civic CRX,1988,1993,BG,14
honda,Honda,Civic Shuttle,1987,1993,BG,14
honda,Honda,Civic Si Sedan US,2024,,BG,14
honda,Honda,Civic Tourer,2013,2017,BG,14
honda,Honda,Civic Type-R,2001,,BG,14
honda,Honda,Clarity,2007,2014,BG,14
honda,Honda,Concerto,1990,1994,BG,14
honda,Honda,CR-V,1996,,BG,14
honda,Honda,CR-Z,2010,2016,BG,14
honda,Honda,CRX Del Sol,1992,1997,BG,14
honda,Honda,e,2020,,BG,14
honda,Honda,e:Ny1,2023,,BG,14
honda,Honda,Element,2003,2011,BG,14
honda,Honda,Fit EV,2012,2014,BG,14
honda,Honda,FR-V / Edix,2004,2011,BG,14
honda,Honda,HR-V,1999,,BG,14
honda,Honda,Insight,1999,2022,BG,14
honda,Honda,Jazz / City,1983,1986,BG,14
honda,Honda,Jazz / Fit,2002,,BG,14
honda,Honda,Legend,1987,2017,BG,14
honda,Honda,Logo / Fit,1996,2001,BG,14
honda,Honda,MDX,2003,2006,BG,14
honda,Honda,Mobilio,2001,2008,BG,14
honda,Honda,N360,1967,1972,BG,14
honda,Honda,N600,1969,1972,BG,14
honda,Honda,NSX,1991,2021,BG,14
honda,Honda,Odyssey,2005,,BG,14
honda,Honda,Passport,2018,,BG,14
honda,Honda,Pilot,2009,,BG,14
honda,Honda,Prelude,1979,,BG,14
honda,Honda,Prologue,2023,,BG,14
honda,Honda,Ridgeline,2005,,BG,14
honda,Honda,S2000,1999,2009,BG,14
honda,Honda,S660,2015,2022,BG,14
honda,Honda,S800,1966,1970,BG,14
honda,Honda,S800C,1966,1970,BG,14
honda,Honda,Shuttle,1995,2001,BG,14
honda,Honda,Stream,2000,2009,BG,14
honda,Honda,That's,2002,2007,BG,14
honda,Honda,ZR-V,2023,,BG,14
hongqi,Hongqi,E-HS9,2020,,GLOBAL,999
hongqi,Hongqi,H5,2017,,GLOBAL,999
hongqi,Hongqi,H9,2020,,GLOBAL,999
hongqi,Hongqi,HS5,2019,,GLOBAL,999
hongqi,Hongqi,HS7,2019,,GLOBAL,999
hummer,Hummer,H1 2 Door Hardtop,1992,2006,GLOBAL,999
hummer,Hummer,H1 4 Door,1992,2006,GLOBAL,999
hummer,Hummer,H1 4 Door Hardtop,1992,2006,GLOBAL,999
hummer,Hummer,H1 4 Door Opentop,1992,2006,GLOBAL,999
hummer,Hummer,H2,2002,2009,GLOBAL,999
hummer,Hummer,H2 SUT,2004,2009,GLOBAL,999
hummer,Hummer,H3,2005,2010,GLOBAL,999
hummer,Hummer,H3 Alpha,2007,2010,GLOBAL,999
hyundai,Hyundai,Accent,1999,2023,BG,6
hyundai,Hyundai,Atos,2003,2008,BG,6
hyundai,Hyundai,Atos Multi,1998,2003,BG,6
hyundai,Hyundai,Atos Spirit,1999,2003,BG,6
hyundai,Hyundai,Bayon,2021,,BG,6
hyundai,Hyundai,Coupe / Tiburon,1996,2009,BG,6
hyundai,Hyundai,Elantra,2000,,BG,6
hyundai,Hyundai,Elantra GT,2012,2020,BG,6
hyundai,Hyundai,Elantra N,2020,,BG,6
hyundai,Hyundai,Equus,2010,2016,BG,6
hyundai,Hyundai,Excel,1989,2000,BG,6
hyundai,Hyundai,Genesis,2008,2016,BG,6
hyundai,Hyundai,Getz,2002,2011,BG,6
hyundai,Hyundai,Grandeur / Azera,2005,,BG,6
hyundai,Hyundai,i10,2008,,BG,6
hyundai,Hyundai,i20,2009,,BG,6
hyundai,Hyundai,i20 Active,2015,2020,BG,6
hyundai,Hyundai,i20 N,2020,,BG,6
hyundai,Hyundai,i30,2007,,BG,6
hyundai,Hyundai,i30 N,2017,,BG,6
hyundai,Hyundai,i40,2011,2020,BG,6
hyundai,Hyundai,i800 / H-1,2008,2018,BG,6
hyundai,Hyundai,Ioniq,2016,,BG,6
hyundai,Hyundai,Ioniq 3,2026,,BG,6
hyundai,Hyundai,Ioniq 5,2023,,BG,6
hyundai,Hyundai,Ioniq 6,2022,,BG,6
hyundai,Hyundai,Ioniq 9,2024,,BG,6
hyundai,Hyundai,ix20,2010,2019,BG,6
hyundai,Hyundai,ix35 / Tucson,2004,,BG,6
hyundai,Hyundai,ix55 / Veracruz,2009,2012,BG,6
hyundai,Hyundai,Kona,2017,,BG,6
hyundai,Hyundai,Kona Electric,2018,,BG,6
hyundai,Hyundai,Kona N,2021,2023,BG,6
hyundai,Hyundai,Lantra,1991,2001,BG,6
hyundai,Hyundai,Matrix,2001,2010,BG,6
hyundai,Hyundai,Mistra,2014,2017,BG,6
hyundai,Hyundai,NEXO,2018,,BG,6
hyundai,Hyundai,Palisade,2019,,BG,6
hyundai,Hyundai,Pony,1989,1994,BG,6
hyundai,Hyundai,Santa Cruz,2021,,BG,6
hyundai,Hyundai,Santa Fe,2000,,BG,6
hyundai,Hyundai,Satellite,1997,2000,BG,6
hyundai,Hyundai,Scoupe,1990,1996,BG,6
hyundai,Hyundai,Sonata,1989,,BG,6
hyundai,Hyundai,Sonata Hybrid,2010,2019,BG,6
hyundai,Hyundai,Staria,2021,,BG,6
hyundai,Hyundai,Terracan,2001,2007,BG,6
hyundai,Hyundai,Trajet,2000,2008,BG,6
hyundai,Hyundai,Veloster,2011,2021,BG,6
hyundai,Hyundai,Venue,2019,,BG,6
hyundai,Hyundai,XG,1999,2005,BG,6
ineos,Ineos,Grenadier,2022,,GLOBAL,999
infiniti,Infiniti,EX,2007,2014,BG,34
infiniti,Infiniti,FX,2002,2013,BG,34
infiniti,Infiniti,G,2008,2014,BG,34
infiniti,Infiniti,G20,1991,2002,BG,34
infiniti,Infiniti,G35,2001,2008,BG,34
infiniti,Infiniti,I,1995,2004,BG,34
infiniti,Infiniti,J,1993,1997,BG,34
infiniti,Infiniti,JX,2012,2014,BG,34
infiniti,Infiniti,M,1990,2013,BG,34
infiniti,Infiniti,Q,1989,2006,BG,34
infiniti,Infiniti,Q40,2014,2015,BG,34
infiniti,Infiniti,Q50,2013,2024,BG,34
infiniti,Infiniti,Q60,2013,2022,BG,34
infiniti,Infiniti,Q70,2013,2019,BG,34
infiniti,Infiniti,QX,1997,2014,BG,34
infiniti,Infiniti,QX30,2015,2019,BG,34
infiniti,Infiniti,QX50,2013,,BG,34
infiniti,Infiniti,QX55,2021,,BG,34
infiniti,Infiniti,QX60,2013,,BG,34
infiniti,Infiniti,QX65,2026,,BG,34
infiniti,Infiniti,QX70,2013,2019,BG,34
infiniti,Infiniti,QX80,2014,,BG,34
iran-khodro,Iran Khodro,Dena,2014,,GLOBAL,999
iran-khodro,Iran Khodro,Paykan,1967,2005,GLOBAL,999
iran-khodro,Iran Khodro,Runna,2011,,GLOBAL,999
iran-khodro,Iran Khodro,Samand,2002,,GLOBAL,999
iran-khodro,Iran Khodro,Soren,2007,,GLOBAL,999
iran-khodro,Iran Khodro,Tara,2020,,GLOBAL,999
isuzu,Isuzu,117,1968,1981,GLOBAL,999
isuzu,Isuzu,Amigo,1997,2003,GLOBAL,999
isuzu,Isuzu,Amigo Cabrio,1998,2003,GLOBAL,999
isuzu,Isuzu,Ascender,2001,2008,GLOBAL,999
isuzu,Isuzu,Axiom,2001,2004,GLOBAL,999
isuzu,Isuzu,Hombre,1995,2000,GLOBAL,999
isuzu,Isuzu,i-Series,2005,2009,GLOBAL,999
isuzu,Isuzu,MU-7,2004,2013,GLOBAL,999
isuzu,Isuzu,Rodeo / D-Max,2002,2019,GLOBAL,999
isuzu,Isuzu,Trooper,1998,2002,GLOBAL,999
jac,JAC,J7,2020,,GLOBAL,999
jac,JAC,S2,2015,,GLOBAL,999
jac,JAC,S3,2014,,GLOBAL,999
jac,JAC,S4,2018,,GLOBAL,999
jac,JAC,S7,2018,,GLOBAL,999
jac,JAC,Sunray,2016,,GLOBAL,999
jac,JAC,T6,2015,,GLOBAL,999
jac,JAC,T8,2018,,GLOBAL,999
jaguar,Jaguar,E-Pace,2017,2024,BG,33
jaguar,Jaguar,F-Pace,2015,,BG,33
jaguar,Jaguar,F-Pace SVR,2018,,BG,33
jaguar,Jaguar,F-Type,2013,,BG,33
jaguar,Jaguar,F-Type SVR,2016,2020,BG,33
jaguar,Jaguar,I-Pace,2018,2024,BG,33
jaguar,Jaguar,S-Type,1999,2007,BG,33
jaguar,Jaguar,S-Type R,2002,2007,BG,33
jaguar,Jaguar,X-Type,2001,2009,BG,33
jaguar,Jaguar,XE,2015,2024,BG,33
jaguar,Jaguar,XE SV,2017,2019,BG,33
jaguar,Jaguar,XF,2008,,BG,33
jaguar,Jaguar,XF Sportbrake,2012,,BG,33
jaguar,Jaguar,XFR,2009,2011,BG,33
jaguar,Jaguar,XJ,1979,2019,BG,33
jaguar,Jaguar,XJ220,1992,1994,BG,33
jaguar,Jaguar,XJR,1990,2019,BG,33
jaguar,Jaguar,XK,1996,2014,BG,33
jaguar,Jaguar,XKR,1998,2014,BG,33
jeep,Jeep,Avenger,2022,,BG,20
jeep,Jeep,Cherokee,2013,,BG,20
jeep,Jeep,Cherokee/Liberty,1984,2012,BG,20
jeep,Jeep,Commander,2005,2010,BG,20
jeep,Jeep,Compass,2006,,BG,20
jeep,Jeep,Gladiator,2020,,BG,20
jeep,Jeep,Grand Cherokee,1992,,BG,20
jeep,Jeep,Patriot,2007,2014,BG,20
jeep,Jeep,Recon,2025,,BG,20
jeep,Jeep,Renegade,2014,2022,BG,20
jeep,Jeep,Wagoneer,1962,,BG,20
jeep,Jeep,Wrangler,1986,,BG,20
jeep,Jeep,Wrangler Rubicon,2023,,BG,20
jeep,Jeep,Wrangler Unlimited,2004,2024,BG,20
jetour,Jetour,Dashing,2022,,GLOBAL,999
jetour,Jetour,T2,2023,,GLOBAL,999
jetour,Jetour,X70,2018,,GLOBAL,999
jetour,Jetour,X90,2019,,GLOBAL,999
karma,Karma,Revero GT,2019,,GLOBAL,999
karma,Karma,Revero GTS,2019,,GLOBAL,999
kgm,KGM,Actyon,2024,,BG,37
kgm,KGM,Korando,2023,,BG,37
kgm,KGM,Rexton,2023,,BG,37
kgm,KGM,Tivoli,2023,,BG,37
kgm,KGM,Torres,2023,,BG,37
kia,Kia,Borrego / Mohave,2009,2013,BG,9
kia,Kia,Carens,2000,2018,BG,9
kia,Kia,Carnival / Sedona,2002,,BG,9
kia,Kia,cee'd,2007,2021,BG,9
kia,Kia,cee'd SW,2007,2018,BG,9
kia,Kia,Ceed,2018,,BG,9
kia,Kia,Cerato / Spectra,2004,2009,BG,9
kia,Kia,Cerato/Forte,2013,2018,BG,9
kia,Kia,EV2,2026,,BG,9
kia,Kia,EV3,2024,,BG,9
kia,Kia,EV4,2025,,BG,9
kia,Kia,EV5,2023,,BG,9
kia,Kia,EV6,2021,,BG,9
kia,Kia,EV9,2023,,BG,9
kia,Kia,Forte,2009,,BG,9
kia,Kia,Forte 5 Door,2010,2018,BG,9
kia,Kia,Forte Koup,2009,2016,BG,9
kia,Kia,Joice,1999,2003,BG,9
kia,Kia,K4,2024,,BG,9
kia,Kia,K5,2019,,BG,9
kia,Kia,K7 / Cadenza,2013,2019,BG,9
kia,Kia,K9,2012,2021,BG,9
kia,Kia,Niro,2016,2021,BG,9
kia,Kia,Opirus / Amanti,2003,2010,BG,9
kia,Kia,Optima / Magentis,2001,,BG,9
kia,Kia,Optima Sportswagon,2016,2019,BG,9
kia,Kia,Picanto,2004,,BG,9
kia,Kia,Picanto X-Line,2017,2020,BG,9
kia,Kia,Pro cee'd,2007,2025,BG,9
kia,Kia,pro_cee’d GT,2013,2018,BG,9
kia,Kia,PV5,2026,,BG,9
kia,Kia,Rio,2005,,BG,9
kia,Kia,Rondo,2008,2016,BG,9
kia,Kia,Seltos,2019,,BG,9
kia,Kia,Shuma,1998,2004,BG,9
kia,Kia,Sorento,2002,,BG,9
kia,Kia,Soul,2008,,BG,9
kia,Kia,Sportage,2004,,BG,9
kia,Kia,Stinger,2017,,BG,9
kia,Kia,Stonic,2017,2025,BG,9
kia,Kia,Stonic GT-Line,2020,,BG,9
kia,Kia,Syros,2024,,BG,9
kia,Kia,Tasman,2024,,BG,9
kia,Kia,Telluride,2019,,BG,9
kia,Kia,Venga,2009,2019,BG,9
kia,Kia,XCeed,2019,,BG,9
koenigsegg,Koenigsegg,Agera,2010,2016,GLOBAL,999
koenigsegg,Koenigsegg,CC8S,2002,2005,GLOBAL,999
koenigsegg,Koenigsegg,CCR,2004,2006,GLOBAL,999
koenigsegg,Koenigsegg,CCX,2006,2010,GLOBAL,999
koenigsegg,Koenigsegg,CCXR,2007,2010,GLOBAL,999
koenigsegg,Koenigsegg,Gemera,2020,,GLOBAL,999
koenigsegg,Koenigsegg,Jesko,2019,,GLOBAL,999
koenigsegg,Koenigsegg,One:1,2014,2015,GLOBAL,999
koenigsegg,Koenigsegg,Regera,2015,2022,GLOBAL,999
koenigsegg,Koenigsegg,Sadairs Spear,2025,,GLOBAL,999
ktm,KTM,X-Bow,2008,,GLOBAL,999
lada,Lada,110,1998,2008,GLOBAL,999
lada,Lada,111,1998,2008,GLOBAL,999
lada,Lada,112,1999,2008,GLOBAL,999
lada,Lada,Kalina,2006,2013,GLOBAL,999
lada,Lada,Niva,1976,2021,GLOBAL,999
lada,Lada,Nova,1981,1994,GLOBAL,999
lada,Lada,Nova Combi,1985,1998,GLOBAL,999
lada,Lada,Priora,2008,2018,GLOBAL,999
lada,Lada,Samara,1984,2004,GLOBAL,999
lamborghini,Lamborghini,350 GTS,,,GLOBAL,999
lamborghini,Lamborghini,Aventador,2011,,GLOBAL,999
lamborghini,Lamborghini,Centenario,2016,2017,GLOBAL,999
lamborghini,Lamborghini,Countach,1973,1990,GLOBAL,999
lamborghini,Lamborghini,Diablo,1990,2001,GLOBAL,999
lamborghini,Lamborghini,Espada,1968,1976,GLOBAL,999
lamborghini,Lamborghini,Fenomeno,2026,,GLOBAL,999
lamborghini,Lamborghini,Gallardo,2003,2014,GLOBAL,999
lamborghini,Lamborghini,Huracan,2014,,GLOBAL,999
lamborghini,Lamborghini,Jalpa,1981,1988,GLOBAL,999
lamborghini,Lamborghini,Jarama,1970,1976,GLOBAL,999
lamborghini,Lamborghini,LM 002,1986,1993,GLOBAL,999
lamborghini,Lamborghini,Miura,1966,1987,GLOBAL,999
lamborghini,Lamborghini,Murcielago,2001,2010,GLOBAL,999
lamborghini,Lamborghini,Reventon,2008,2009,GLOBAL,999
lamborghini,Lamborghini,Revuelto,2023,,GLOBAL,999
lamborghini,Lamborghini,Sian,2019,,GLOBAL,999
lamborghini,Lamborghini,Silhouette,1976,1979,GLOBAL,999
lamborghini,Lamborghini,Temerario,2024,,GLOBAL,999
lamborghini,Lamborghini,Urraco,1972,1979,GLOBAL,999
lamborghini,Lamborghini,Urus,2018,,GLOBAL,999
lamborghini,Lamborghini,Veneno,2013,2014,GLOBAL,999
lancia,Lancia,2000,1971,1974,GLOBAL,999
lancia,Lancia,A112,1982,1986,GLOBAL,999
lancia,Lancia,A112 Abarth,1984,1986,GLOBAL,999
lancia,Lancia,Beta,1909,1984,GLOBAL,999
lancia,Lancia,Beta Montecarlo,1974,1979,GLOBAL,999
lancia,Lancia,Dedra,1990,1999,GLOBAL,999
lancia,Lancia,Dedra Station,1994,1998,GLOBAL,999
lancia,Lancia,Delta,1979,2014,GLOBAL,999
lancia,Lancia,Delta HPE,1995,1998,GLOBAL,999
lancia,Lancia,Flaminia,1958,1970,GLOBAL,999
lancia,Lancia,Flavia,1960,2015,GLOBAL,999
lancia,Lancia,Fulvia Berlina,1963,1972,GLOBAL,999
lancia,Lancia,Gamma,1976,1980,GLOBAL,999
lancia,Lancia,Kappa,1995,2000,GLOBAL,999
lancia,Lancia,Kappa SW,1996,2000,GLOBAL,999
lancia,Lancia,Lybra,1999,2005,GLOBAL,999
lancia,Lancia,Lybra SW,1999,2005,GLOBAL,999
lancia,Lancia,Musa,2003,2012,GLOBAL,999
lancia,Lancia,Phedra,2002,2010,GLOBAL,999
lancia,Lancia,Prisma,1983,1990,GLOBAL,999
lancia,Lancia,Stratos,1973,1975,GLOBAL,999
lancia,Lancia,Thema,1984,2014,GLOBAL,999
lancia,Lancia,Thesis,2001,2009,GLOBAL,999
lancia,Lancia,Trevi,1981,1985,GLOBAL,999
lancia,Lancia,Voyager,2011,2015,GLOBAL,999
lancia,Lancia,Ypsilon,2003,,GLOBAL,999
lancia,Lancia,Zeta,1994,2001,GLOBAL,999
land-rover,Land Rover,Defender 110,1991,2025,BG,19
land-rover,Land Rover,Defender 130,2022,,BG,19
land-rover,Land Rover,Defender 90,1991,2025,BG,19
land-rover,Land Rover,Defender Octa,2024,,BG,19
land-rover,Land Rover,Discovery,1990,2021,BG,19
land-rover,Land Rover,Discovery Sport,2014,,BG,19
land-rover,Land Rover,Discovery SVX,2018,2020,BG,19
land-rover,Land Rover,Freelander,1998,2014,BG,19
land-rover,Land Rover,Range Rover,1988,,BG,19
land-rover,Land Rover,Range Rover Evoque,2011,,BG,19
land-rover,Land Rover,Range Rover L,2014,2021,BG,19
land-rover,Land Rover,Range Rover PHEV,2013,2022,BG,19
land-rover,Land Rover,Range Rover Sport,2005,,BG,19
land-rover,Land Rover,Range Rover Sport PHEV,2017,2022,BG,19
land-rover,Land Rover,Range Rover Sport SVR,2015,2022,BG,19
land-rover,Land Rover,Range Rover Velar,2017,,BG,19
leapmotor,Leapmotor,C01,2022,,GLOBAL,999
leapmotor,Leapmotor,C10,2024,,GLOBAL,999
leapmotor,Leapmotor,C11,2021,,GLOBAL,999
leapmotor,Leapmotor,T03,2020,,GLOBAL,999
lexus,Lexus,CT,2011,2022,BG,22
lexus,Lexus,ES,2002,,BG,22
lexus,Lexus,GS,1993,2020,BG,22
lexus,Lexus,GS F,2015,2020,BG,22
lexus,Lexus,GX,2003,,BG,22
lexus,Lexus,HS,2009,2013,BG,22
lexus,Lexus,IS,1998,,BG,22
lexus,Lexus,LBX,2023,,BG,22
lexus,Lexus,LC,2016,,BG,22
lexus,Lexus,LFA,2010,2013,BG,22
lexus,Lexus,LM,2023,,BG,22
lexus,Lexus,LS,1989,,BG,22
lexus,Lexus,LX,1996,,BG,22
lexus,Lexus,NX,2014,,BG,22
lexus,Lexus,RC,2014,2025,BG,22
lexus,Lexus,RC F,2014,2025,BG,22
lexus,Lexus,RX,1998,,BG,22
lexus,Lexus,RZ,2022,,BG,22
lexus,Lexus,SC,1991,2010,BG,22
lexus,Lexus,TX,2023,,BG,22
lexus,Lexus,TZ,2026,,BG,22
lexus,Lexus,UX,2018,2023,BG,22
li-auto,Li Auto,L6,2024,,GLOBAL,999
li-auto,Li Auto,L7,2023,,GLOBAL,999
li-auto,Li Auto,L8,2022,,GLOBAL,999
li-auto,Li Auto,L9,2022,,GLOBAL,999
li-auto,Li Auto,Li One,2019,2022,GLOBAL,999
li-auto,Li Auto,Mega,2024,,GLOBAL,999
lightyear,Lightyear,Lightyear 0,2022,,GLOBAL,999
lightyear,Lightyear,Lightyear 2,2023,,GLOBAL,999
lincoln,Lincoln,Aviator,2002,,GLOBAL,999
lincoln,Lincoln,Continental,1958,2020,GLOBAL,999
lincoln,Lincoln,Corsair,2019,,GLOBAL,999
lincoln,Lincoln,LS,1999,2006,GLOBAL,999
lincoln,Lincoln,Mark LT,2005,2014,GLOBAL,999
lincoln,Lincoln,MKC,2014,2019,GLOBAL,999
lincoln,Lincoln,MKS,2008,2016,GLOBAL,999
lincoln,Lincoln,MKT,2009,2019,GLOBAL,999
lincoln,Lincoln,MKX,2006,2018,GLOBAL,999
lincoln,Lincoln,MKZ,2006,2020,GLOBAL,999
lincoln,Lincoln,Nautilus,2017,,GLOBAL,999
lincoln,Lincoln,Navigator,1998,2024,GLOBAL,999
lincoln,Lincoln,Navigator L,2006,2024,GLOBAL,999
lincoln,Lincoln,Town Car,1998,2011,GLOBAL,999
lincoln,Lincoln,Zephyr,1936,,GLOBAL,999
lotus,Lotus,2 Eleven,2007,2015,GLOBAL,999
lotus,Lotus,3 Eleven,2018,2018,GLOBAL,999
lotus,Lotus,Elan,1962,1994,GLOBAL,999
lotus,Lotus,Eletre,2022,,GLOBAL,999
lotus,Lotus,Elise,1997,2021,GLOBAL,999
lotus,Lotus,Elite,1957,1983,GLOBAL,999
lotus,Lotus,Emeya,2023,,GLOBAL,999
lotus,Lotus,Emira,2021,2024,GLOBAL,999
lotus,Lotus,Esprit,1976,2004,GLOBAL,999
lotus,Lotus,Europa,1965,2010,GLOBAL,999
lotus,Lotus,Evija,2020,,GLOBAL,999
lotus,Lotus,Evora,2008,2021,GLOBAL,999
lotus,Lotus,Excel,1982,1992,GLOBAL,999
lotus,Lotus,Exige,2000,2021,GLOBAL,999
lucid,Lucid,Motors Air,2021,,GLOBAL,999
lucid,Lucid,Motors Gravity,2023,,GLOBAL,999
lynk-co,Lynk & Co,01,2017,,GLOBAL,999
lynk-co,Lynk & Co,02,2018,,GLOBAL,999
lynk-co,Lynk & Co,03,2018,,GLOBAL,999
lynk-co,Lynk & Co,05,2020,,GLOBAL,999
lynk-co,Lynk & Co,06,2020,,GLOBAL,999
lynk-co,Lynk & Co,09,2021,,GLOBAL,999
mahindra,Mahindra,Bolero,2011,2020,GLOBAL,999
mahindra,Mahindra,Scorpio / GOA,2002,2014,GLOBAL,999
mahindra,Mahindra,Thar,2010,2020,GLOBAL,999
mahindra,Mahindra,Verito,2012,2019,GLOBAL,999
marussia,Marussia,B1,2010,2010,GLOBAL,999
marussia,Marussia,B2,2010,2014,GLOBAL,999
maruti-suzuki,Maruti Suzuki,800,2000,2014,GLOBAL,999
maruti-suzuki,Maruti Suzuki,Alto,2000,2014,GLOBAL,999
maruti-suzuki,Maruti Suzuki,Baleno,2000,2007,GLOBAL,999
maruti-suzuki,Maruti Suzuki,Ciaz,2014,2017,GLOBAL,999
maruti-suzuki,Maruti Suzuki,Esteem,1995,2000,GLOBAL,999
maruti-suzuki,Maruti Suzuki,Gipsy,1985,2019,GLOBAL,999
maruti-suzuki,Maruti Suzuki,Swift,2006,2010,GLOBAL,999
maruti-suzuki,Maruti Suzuki,Wagon R,2005,2009,GLOBAL,999
maruti-suzuki,Maruti Suzuki,Zen,2006,2009,GLOBAL,999
maserati,Maserati,Bora,1971,1978,GLOBAL,999
maserati,Maserati,Coupe,1998,2004,GLOBAL,999
maserati,Maserati,Ghibli,1967,,GLOBAL,999
maserati,Maserati,GranCabrio,2010,,GLOBAL,999
maserati,Maserati,GranSport,2004,2007,GLOBAL,999
maserati,Maserati,GranTurismo,2007,,GLOBAL,999
maserati,Maserati,Grecale,2022,,GLOBAL,999
maserati,Maserati,Grecale Trofeo,2022,,GLOBAL,999
maserati,Maserati,GT2 Stradale,2024,,GLOBAL,999
maserati,Maserati,Indy,1969,1974,GLOBAL,999
maserati,Maserati,Levante,2016,,GLOBAL,999
maserati,Maserati,MC 12,2004,2005,GLOBAL,999
maserati,Maserati,MC20,2020,,GLOBAL,999
maserati,Maserati,MCPura,2025,,GLOBAL,999
maserati,Maserati,MCPura Cielo,2025,,GLOBAL,999
maserati,Maserati,Merak,1974,1982,GLOBAL,999
maserati,Maserati,Quattroporte,1963,,GLOBAL,999
maserati,Maserati,Quattroporte Sport GT S,2009,2013,GLOBAL,999
maserati,Maserati,Spyder,2001,2007,GLOBAL,999
maybach,Maybach,57,2002,2012,GLOBAL,999
maybach,Maybach,62,2002,2012,GLOBAL,999
maybach,Maybach,Landaulet,2008,2012,GLOBAL,999
mazda,Mazda,121,1987,1998,BG,18
mazda,Mazda,2 / Demio,2002,,BG,18
mazda,Mazda,3 / Axela,2004,,BG,18
mazda,Mazda,3 MPS / MAZDASPEED 3,2006,2013,BG,18
mazda,Mazda,323,1989,1998,BG,18
mazda,Mazda,323 Station,1986,1994,BG,18
mazda,Mazda,5 / Premacy,2005,2013,BG,18
mazda,Mazda,6 / Atenza,2002,2019,BG,18
mazda,Mazda,626,1988,2002,BG,18
mazda,Mazda,626 Station,1988,1991,BG,18
mazda,Mazda,6e,2025,,BG,18
mazda,Mazda,B Series / Bravo Dual Cab,1999,2006,BG,18
mazda,Mazda,B Series / Bravo Freestyle Cab,1999,2006,BG,18
mazda,Mazda,Biante,2008,2018,BG,18
mazda,Mazda,BT-50,2006,2020,BG,18
mazda,Mazda,CX-3,2015,2025,BG,18
mazda,Mazda,CX-30,2019,,BG,18
mazda,Mazda,CX-5,2012,,BG,18
mazda,Mazda,CX-50,2021,,BG,18
mazda,Mazda,CX-60,2022,,BG,18
mazda,Mazda,CX-6e,2026,,BG,18
mazda,Mazda,CX-7,2007,2012,BG,18
mazda,Mazda,CX-70,2024,,BG,18
mazda,Mazda,CX-8,2017,2023,BG,18
mazda,Mazda,CX-80,2024,,BG,18
mazda,Mazda,CX-9,2007,2024,BG,18
mazda,Mazda,CX-90,2023,,BG,18
mazda,Mazda,Flair,2012,2017,BG,18
mazda,Mazda,Flairwagon,2012,2013,BG,18
mazda,Mazda,MX-3,1991,1998,BG,18
mazda,Mazda,MX-30,2019,,BG,18
mazda,Mazda,MX-5 / Miata,1989,,BG,18
mazda,Mazda,MX-6,1992,1997,BG,18
mazda,Mazda,RX-7,1970,2002,BG,18
mazda,Mazda,RX-8,2003,2012,BG,18
mazda,Mazda,Tribute,2001,2011,BG,18
mazda,Mazda,Verisa,2004,2015,BG,18
mazda,Mazda,Xedos 6,1992,1999,BG,18
mazda,Mazda,Xedos 9,1993,2002,BG,18
mclaren,McLaren,12C GT Sprint,2013,2014,GLOBAL,999
mclaren,McLaren,540C,2015,2021,GLOBAL,999
mclaren,McLaren,570GT,2016,2021,GLOBAL,999
mclaren,McLaren,570S,2015,2021,GLOBAL,999
mclaren,McLaren,600LT,2018,2020,GLOBAL,999
mclaren,McLaren,620R,2019,2021,GLOBAL,999
mclaren,McLaren,650S,2014,2017,GLOBAL,999
mclaren,McLaren,675LT,2015,2017,GLOBAL,999
mclaren,McLaren,720S,2017,2023,GLOBAL,999
mclaren,McLaren,750S,2023,,GLOBAL,999
mclaren,McLaren,765LT,2020,,GLOBAL,999
mclaren,McLaren,Artura,2021,,GLOBAL,999
mclaren,McLaren,Elva,2020,,GLOBAL,999
mclaren,McLaren,F1,1993,1998,GLOBAL,999
mclaren,McLaren,F1 GT,,,GLOBAL,999
mclaren,McLaren,F1 LM,,,GLOBAL,999
mclaren,McLaren,GT,2019,2023,GLOBAL,999
mclaren,McLaren,GTS,2023,,GLOBAL,999
mclaren,McLaren,MP4-12C,2011,2015,GLOBAL,999
mclaren,McLaren,P1,2013,2015,GLOBAL,999
mclaren,McLaren,Senna,2018,2020,GLOBAL,999
mclaren,McLaren,Speedtail,2018,,GLOBAL,999
mercedes-amg,Mercedes-AMG,A-Class,2015,2023,GLOBAL,999
mercedes-amg,Mercedes-AMG,C-Class,2015,,GLOBAL,999
mercedes-amg,Mercedes-AMG,C-CLASS,2015,,GLOBAL,999
mercedes-amg,Mercedes-AMG,C-CLASS T-MODELL,2018,2021,GLOBAL,999
mercedes-amg,Mercedes-AMG,CLA Shooting brake,2015,,GLOBAL,999
mercedes-amg,Mercedes-AMG,CLA-Class,2016,,GLOBAL,999
mercedes-amg,Mercedes-AMG,CLE,2023,,GLOBAL,999
mercedes-amg,Mercedes-AMG,CLS-Class,2018,,GLOBAL,999
mercedes-amg,Mercedes-AMG,E-Class,2016,,GLOBAL,999
mercedes-amg,Mercedes-AMG,EQE,2022,,GLOBAL,999
mercedes-amg,Mercedes-AMG,EQE SUV,2022,,GLOBAL,999
mercedes-amg,Mercedes-AMG,EQS,2021,,GLOBAL,999
mercedes-amg,Mercedes-AMG,G 63,2018,,GLOBAL,999
mercedes-amg,Mercedes-AMG,GLA,2014,,GLOBAL,999
mercedes-amg,Mercedes-AMG,GLB,2019,,GLOBAL,999
mercedes-amg,Mercedes-AMG,GLC,2016,,GLOBAL,999
mercedes-amg,Mercedes-AMG,GLC-Class,2016,,GLOBAL,999
mercedes-amg,Mercedes-AMG,GLE,2015,,GLOBAL,999
mercedes-amg,Mercedes-AMG,GLS- Class,2016,,GLOBAL,999
mercedes-amg,Mercedes-AMG,GT,2015,,GLOBAL,999
mercedes-amg,Mercedes-AMG,GT 4-DOOR,2018,,GLOBAL,999
mercedes-amg,Mercedes-AMG,ONE,2022,,GLOBAL,999
mercedes-amg,Mercedes-AMG,S-Class,2016,,GLOBAL,999
mercedes-amg,Mercedes-AMG,SL-Class,2021,,GLOBAL,999
mercedes-amg,Mercedes-AMG,SLC,2016,2020,GLOBAL,999
mercedes-benz,Mercedes-Benz,MERCEDES BENZ A-Class,2018,2023,BG,1
mercedes-benz,Mercedes-Benz,MERCEDES BENZ A-Klasse,1997,,BG,1
mercedes-benz,Mercedes-Benz,MERCEDES BENZ A-Klasse AMG,2013,2015,BG,1
mercedes-benz,Mercedes-Benz,MERCEDES BENZ A-Klasse Saloon,2022,,BG,1
mercedes-benz,Mercedes-Benz,MERCEDES BENZ B-Klasse,2005,,BG,1
mercedes-benz,Mercedes-Benz,MERCEDES BENZ C-Class,2016,2022,BG,1
mercedes-benz,Mercedes-Benz,MERCEDES BENZ C-Class EV,2026,,BG,1
mercedes-benz,Mercedes-Benz,MERCEDES BENZ C-Klasse,2011,2018,BG,1
mercedes-benz,Mercedes-Benz,MERCEDES BENZ C-Klasse All-Terrain,2021,,BG,1
mercedes-benz,Mercedes-Benz,MERCEDES BENZ C-Klasse AMG,1984,2015,BG,1
mercedes-benz,Mercedes-Benz,MERCEDES BENZ C-Klasse and predecessors,1982,,BG,1
mercedes-benz,Mercedes-Benz,MERCEDES BENZ C-Klasse Coupe AMG,2011,2016,BG,1
mercedes-benz,Mercedes-Benz,MERCEDES BENZ C-Klasse SportCoupe AMG,2002,2004,BG,1
mercedes-benz,Mercedes-Benz,MERCEDES BENZ C-Klasse SportCoupe/CLC,2000,2011,BG,1
mercedes-benz,Mercedes-Benz,MERCEDES BENZ C-Klasse T-Modell,1996,,BG,1
mercedes-benz,Mercedes-Benz,MERCEDES BENZ C-Klasse T-Modell AMG,2004,2007,BG,1
mercedes-benz,Mercedes-Benz,MERCEDES BENZ Citan,2021,,BG,1
mercedes-benz,Mercedes-Benz,MERCEDES BENZ CL AMG,2000,2014,BG,1
mercedes-benz,Mercedes-Benz,MERCEDES BENZ CL-Klasse and predecessors,1952,2014,BG,1
mercedes-benz,Mercedes-Benz,MERCEDES BENZ CLA 45,2013,2016,BG,1
mercedes-benz,Mercedes-Benz,MERCEDES BENZ CLA Klasse,2013,,BG,1
mercedes-benz,Mercedes-Benz,MERCEDES BENZ CLA Shooting Brake,2015,,BG,1
mercedes-benz,Mercedes-Benz,MERCEDES BENZ CLE,2023,,BG,1
mercedes-benz,Mercedes-Benz,MERCEDES BENZ CLK AMG,1999,2009,BG,1
mercedes-benz,Mercedes-Benz,MERCEDES BENZ CLK AMG Cabrio,2000,2009,BG,1
mercedes-benz,Mercedes-Benz,MERCEDES BENZ CLK GTR,1998,1999,BG,1
mercedes-benz,Mercedes-Benz,MERCEDES BENZ CLS AMG,2004,2018,BG,1
mercedes-benz,Mercedes-Benz,MERCEDES BENZ CLS Shooting Brake,2012,2017,BG,1
mercedes-benz,Mercedes-Benz,MERCEDES BENZ CLS Shooting Brake AMG,2014,2018,BG,1
mercedes-benz,Mercedes-Benz,MERCEDES BENZ CLS-Klasse,2004,,BG,1
mercedes-benz,Mercedes-Benz,MERCEDES BENZ E-Class T-Modell All-Terrain,2017,,BG,1
mercedes-benz,Mercedes-Benz,MERCEDES BENZ E-Klasse AMG,1996,2016,BG,1
mercedes-benz,Mercedes-Benz,MERCEDES BENZ E-Klasse and predecessors,1946,,BG,1
mercedes-benz,Mercedes-Benz,MERCEDES BENZ E-Klasse Convertible and predecessors,1992,2024,BG,1
mercedes-benz,Mercedes-Benz,MERCEDES BENZ E-Klasse Coupe and predecessors,1969,2020,BG,1
mercedes-benz,Mercedes-Benz,MERCEDES BENZ E-Klasse T-Modell,1965,2020,BG,1
mercedes-benz,Mercedes-Benz,MERCEDES BENZ E-Klasse T-Modell AMG,2004,2017,BG,1
mercedes-benz,Mercedes-Benz,MERCEDES BENZ EQA,2021,,BG,1
mercedes-benz,Mercedes-Benz,MERCEDES BENZ EQB,2021,,BG,1
mercedes-benz,Mercedes-Benz,MERCEDES BENZ EQC,2019,2023,BG,1
mercedes-benz,Mercedes-Benz,MERCEDES BENZ EQE,2021,,BG,1
mercedes-benz,Mercedes-Benz,MERCEDES BENZ EQE SUV,2022,,BG,1
mercedes-benz,Mercedes-Benz,MERCEDES BENZ EQS,2021,,BG,1
mercedes-benz,Mercedes-Benz,MERCEDES BENZ EQS SUV,2022,,BG,1
mercedes-benz,Mercedes-Benz,MERCEDES BENZ EQS SUV Maybach,2023,,BG,1
mercedes-benz,Mercedes-Benz,MERCEDES BENZ EQT,2023,,BG,1
mercedes-benz,Mercedes-Benz,MERCEDES BENZ EQV,2019,2023,BG,1
mercedes-benz,Mercedes-Benz,MERCEDES BENZ G-Klasse,1979,,BG,1
mercedes-benz,Mercedes-Benz,MERCEDES BENZ G-Klasse AMG,1999,2018,BG,1
mercedes-benz,Mercedes-Benz,MERCEDES BENZ G-Klasse Kurz,1979,2012,BG,1
mercedes-benz,Mercedes-Benz,MERCEDES BENZ GL-Klasse,2006,2016,BG,1
mercedes-benz,Mercedes-Benz,MERCEDES BENZ GL-Klasse AMG,2012,2016,BG,1
mercedes-benz,Mercedes-Benz,MERCEDES BENZ GLA,2013,,BG,1
mercedes-benz,Mercedes-Benz,MERCEDES BENZ GLB,2019,,BG,1
mercedes-benz,Mercedes-Benz,MERCEDES BENZ GLC Class,2015,,BG,1
mercedes-benz,Mercedes-Benz,MERCEDES BENZ GLE-Class,2015,,BG,1
mercedes-benz,Mercedes-Benz,MERCEDES BENZ GLK-Klasse,2008,2016,BG,1
mercedes-benz,Mercedes-Benz,MERCEDES BENZ GLS Maybach,2020,,BG,1
mercedes-benz,Mercedes-Benz,MERCEDES BENZ GLS-Class,2016,,BG,1
mercedes-benz,Mercedes-Benz,MERCEDES BENZ Laundalet,1960,1981,BG,1
mercedes-benz,Mercedes-Benz,MERCEDES BENZ M-Klasse,1997,2015,BG,1
mercedes-benz,Mercedes-Benz,MERCEDES BENZ M-Klasse AMG,1999,2015,BG,1
mercedes-benz,Mercedes-Benz,MERCEDES BENZ Maybach EQS SUV,2023,,BG,1
mercedes-benz,Mercedes-Benz,MERCEDES BENZ Pullman,1930,2020,BG,1
mercedes-benz,Mercedes-Benz,MERCEDES BENZ R-Klasse,2005,2013,BG,1
mercedes-benz,Mercedes-Benz,MERCEDES BENZ R-Klasse AMG,2006,2008,BG,1
mercedes-benz,Mercedes-Benz,MERCEDES BENZ R-Klasse Lang,2005,2013,BG,1
mercedes-benz,Mercedes-Benz,MERCEDES BENZ S-Class,1952,2020,BG,1
mercedes-benz,Mercedes-Benz,MERCEDES BENZ S-Class Coupe AMG,2014,2017,BG,1
mercedes-benz,Mercedes-Benz,MERCEDES BENZ S-Class Maybach,2015,,BG,1
mercedes-benz,Mercedes-Benz,MERCEDES BENZ S-Klasse,2014,2020,BG,1
mercedes-benz,Mercedes-Benz,MERCEDES BENZ S-Klasse AMG,1999,2017,BG,1
mercedes-benz,Mercedes-Benz,MERCEDES BENZ S-Klasse and predecessors,1951,,BG,1
mercedes-benz,Mercedes-Benz,MERCEDES BENZ SL AMG,1999,2019,BG,1
mercedes-benz,Mercedes-Benz,MERCEDES BENZ SL Monogram Maybach,2025,,BG,1
mercedes-benz,Mercedes-Benz,MERCEDES BENZ SL-Klasse,1954,2020,BG,1
mercedes-benz,Mercedes-Benz,MERCEDES BENZ SLC-Class,2016,2020,BG,1
mercedes-benz,Mercedes-Benz,MERCEDES BENZ SLK AMG,2000,2016,BG,1
mercedes-benz,Mercedes-Benz,MERCEDES BENZ SLK-Klasse,1955,2016,BG,1
mercedes-benz,Mercedes-Benz,MERCEDES BENZ SLR McLaren,2003,2009,BG,1
mercedes-benz,Mercedes-Benz,MERCEDES BENZ SLS AMG,2010,2015,BG,1
mercedes-benz,Mercedes-Benz,MERCEDES BENZ T-Class,2022,,BG,1
mercedes-benz,Mercedes-Benz,MERCEDES BENZ V-Class and predecessors,1996,2023,BG,1
mercedes-benz,Mercedes-Benz,MERCEDES BENZ VANEO,2002,2006,BG,1
mercedes-benz,Mercedes-Benz,MERCEDES BENZ VIANO,2003,2014,BG,1
mercedes-benz,Mercedes-Benz,MERCEDES BENZ Vito,2020,,BG,1
mercedes-benz,Mercedes-Benz,MERCEDES BENZ VLE,2026,,BG,1
mercedes-benz,Mercedes-Benz,MERCEDES BENZ X-Class,2017,2020,BG,1
mercury,Mercury,Cougar,1998,2002,GLOBAL,999
mercury,Mercury,Grand Marquis,2002,2011,GLOBAL,999
mercury,Mercury,Marauder,2003,2004,GLOBAL,999
mercury,Mercury,Mariner,2004,2011,GLOBAL,999
mercury,Mercury,Milan,2005,2011,GLOBAL,999
mercury,Mercury,Montego,2004,2007,GLOBAL,999
mercury,Mercury,Monterey,2004,2006,GLOBAL,999
mercury,Mercury,Mountaineer,2006,2010,GLOBAL,999
mercury,Mercury,Sable,2007,2009,GLOBAL,999
mercury,Mercury,Villager,1992,2002,GLOBAL,999
mg,MG,F/ TF,1995,2005,BG,41
mg,MG,GS,2015,2019,BG,41
mg,MG,HS,2019,2024,BG,41
mg,MG,IM5,2025,,BG,41
mg,MG,IM6,2025,,BG,41
mg,MG,Marvel R,2021,,BG,41
mg,MG,MG 3,2013,,BG,41
mg,MG,MG 4,2022,,BG,41
mg,MG,MG 5,2021,,BG,41
mg,MG,MG 6,2011,2016,BG,41
mg,MG,S5 EV,2025,,BG,41
mg,MG,U9,2025,,BG,41
mg,MG,XPower,2004,2005,BG,41
mg,MG,ZR,2001,2005,BG,41
mg,MG,ZS,2001,,BG,41
mg,MG,ZT,2001,2005,BG,41
mg,MG,ZT-T,2001,2005,BG,41
mini,MINI,Aceman,2024,,GLOBAL,999
mini,MINI,Classic,1997,,GLOBAL,999
mini,MINI,Clubman,2007,2023,GLOBAL,999
mini,MINI,Clubvan,2012,2014,GLOBAL,999
mini,MINI,Convertible,2004,,GLOBAL,999
mini,MINI,Countryman,2010,,GLOBAL,999
mini,MINI,Coupe,2011,2015,GLOBAL,999
mini,MINI,Hatch,1997,,GLOBAL,999
mini,MINI,Paceman,2013,2016,GLOBAL,999
mini,MINI,Roadster,2011,2015,GLOBAL,999
mitsubishi,Mitsubishi,3000 GT,1990,2001,BG,23
mitsubishi,Mitsubishi,ASX / RVR / Outlander Sport,2010,,BG,23
mitsubishi,Mitsubishi,Attrage,2013,2024,BG,23
mitsubishi,Mitsubishi,Carisma,1995,2004,BG,23
mitsubishi,Mitsubishi,Colt,1988,,BG,23
mitsubishi,Mitsubishi,Colt CZC,2006,2012,BG,23
mitsubishi,Mitsubishi,Eclipse,1989,2012,BG,23
mitsubishi,Mitsubishi,Eclipse Cross,2017,,BG,23
mitsubishi,Mitsubishi,Endeavor,2002,2011,BG,23
mitsubishi,Mitsubishi,Galant,1988,2012,BG,23
mitsubishi,Mitsubishi,Galant Station,1997,2001,BG,23
mitsubishi,Mitsubishi,Grandis,2005,2011,BG,23
mitsubishi,Mitsubishi,i-MiEV,2009,2021,BG,23
mitsubishi,Mitsubishi,L 200,1995,2019,BG,23
mitsubishi,Mitsubishi,L300,1986,1994,BG,23
mitsubishi,Mitsubishi,Lancer,1988,2017,BG,23
mitsubishi,Mitsubishi,Lancer Combi,1989,2006,BG,23
mitsubishi,Mitsubishi,Lancer Evolution,1992,2016,BG,23
mitsubishi,Mitsubishi,Mirage,2012,2024,BG,23
mitsubishi,Mitsubishi,Mirage G4,2013,2019,BG,23
mitsubishi,Mitsubishi,Outlander / Airtrek,2003,,BG,23
mitsubishi,Mitsubishi,Pajero,1982,2009,BG,23
mitsubishi,Mitsubishi,Pajero Pinin / Shogun Pinin / Montero iO,1998,2007,BG,23
mitsubishi,Mitsubishi,Raider,2005,2009,BG,23
mitsubishi,Mitsubishi,Sigma,1991,1996,BG,23
mitsubishi,Mitsubishi,Space Runner,1991,1999,BG,23
mitsubishi,Mitsubishi,Space Star,2002,2017,BG,23
mitsubishi,Mitsubishi,Starion,1982,1991,BG,23
morgan,Morgan,3 wheeler,2011,2021,GLOBAL,999
morgan,Morgan,4/4 2 Seater,2008,,GLOBAL,999
morgan,Morgan,4/4 4 Seater,2006,2011,GLOBAL,999
morgan,Morgan,Aero,2012,2016,GLOBAL,999
morgan,Morgan,Aero 8,2001,2018,GLOBAL,999
morgan,Morgan,Aero SuperSports,2009,2016,GLOBAL,999
morgan,Morgan,AeroMax,2005,2011,GLOBAL,999
morgan,Morgan,Plus 4,2005,,GLOBAL,999
morgan,Morgan,Plus 8,2012,2018,GLOBAL,999
morgan,Morgan,Plus Six,2019,,GLOBAL,999
morgan,Morgan,Roadster,2004,2019,GLOBAL,999
moskvitch,Moskvitch,2140,1976,1988,GLOBAL,999
moskvitch,Moskvitch,2141,1986,2003,GLOBAL,999
moskvitch,Moskvitch,3,2022,,GLOBAL,999
moskvitch,Moskvitch,412,1967,1998,GLOBAL,999
nio,NIO,EC6,2020,,GLOBAL,999
nio,NIO,EP9,2016,2019,GLOBAL,999
nio,NIO,ES6,2018,2023,GLOBAL,999
nio,NIO,ES8,2018,2020,GLOBAL,999
nio,NIO,ET7,2020,,GLOBAL,999
nissan,Nissan,100 NX,1991,1996,BG,15
nissan,Nissan,200 SX,1989,2000,BG,15
nissan,Nissan,300 ZX,1984,1996,BG,15
nissan,Nissan,350Z,2002,2009,BG,15
nissan,Nissan,370Z,2008,2020,BG,15
nissan,Nissan,370Z Nismo,2009,2021,BG,15
nissan,Nissan,Almera / Pulsar,1995,2019,BG,15
nissan,Nissan,Almera Tino,2000,2006,BG,15
nissan,Nissan,Altima,1998,,BG,15
nissan,Nissan,Ariya,2020,,BG,15
nissan,Nissan,Armada,2003,,BG,15
nissan,Nissan,Bluebird,1986,1990,BG,15
nissan,Nissan,Bluebird Traveller,1986,1990,BG,15
nissan,Nissan,Cube,2008,2019,BG,15
nissan,Nissan,Elgrand,2025,,BG,15
nissan,Nissan,Grand Livina,2006,2013,BG,15
nissan,Nissan,GT-R,1969,,BG,15
nissan,Nissan,GT-R Nismo,2014,,BG,15
nissan,Nissan,Juke,2010,,BG,15
nissan,Nissan,Juke EV,2026,,BG,15
nissan,Nissan,Juke Nismo,2013,2017,BG,15
nissan,Nissan,Kicks,2016,,BG,15
nissan,Nissan,Leaf,2010,,BG,15
nissan,Nissan,Liberty,1999,2004,BG,15
nissan,Nissan,Maxima,1989,2023,BG,15
nissan,Nissan,Micra,1982,,BG,15
nissan,Nissan,Micra C+C,2005,2008,BG,15
nissan,Nissan,Murano,2003,,BG,15
nissan,Nissan,Murano CrossCabriolet,2011,2014,BG,15
nissan,Nissan,N7,2024,,BG,15
nissan,Nissan,Navara / Frontier,2005,,BG,15
nissan,Nissan,Note,2005,2019,BG,15
nissan,Nissan,NP300,2008,2015,BG,15
nissan,Nissan,NV,2009,2019,BG,15
nissan,Nissan,Pathfinder,2001,,BG,15
nissan,Nissan,Patrol LWB,1988,,BG,15
nissan,Nissan,Patrol SWB,1988,2010,BG,15
nissan,Nissan,Pixo,2009,2013,BG,15
nissan,Nissan,Platina,2006,2010,BG,15
nissan,Nissan,Prairie,1989,1996,BG,15
nissan,Nissan,Primera,1990,2008,BG,15
nissan,Nissan,Primera Break,1990,2007,BG,15
nissan,Nissan,Qashqai,2007,,BG,15
nissan,Nissan,Quest,2004,2017,BG,15
nissan,Nissan,Rogue,2007,,BG,15
nissan,Nissan,Sakura,2022,,BG,15
nissan,Nissan,Sentra,2000,,BG,15
nissan,Nissan,Serena,1991,2022,BG,15
nissan,Nissan,Skyline,2001,2010,BG,15
nissan,Nissan,Sunny,1993,2019,BG,15
nissan,Nissan,Sunny Traveller,1993,1996,BG,15
nissan,Nissan,Teana,2003,2013,BG,15
nissan,Nissan,Terrano,1988,2019,BG,15
nissan,Nissan,Tiida / Versa,2006,,BG,15
nissan,Nissan,Titan,2004,2024,BG,15
nissan,Nissan,X-Trail,2001,,BG,15
nissan,Nissan,XTerra,2002,2015,BG,15
nissan,Nissan,Z Nismo,2021,,BG,15
oldsmobile,Oldsmobile,442,1970,1971,GLOBAL,999
oldsmobile,Oldsmobile,Alero,1999,2004,GLOBAL,999
oldsmobile,Oldsmobile,Aurora,1994,2003,GLOBAL,999
oldsmobile,Oldsmobile,Bravada,2001,2004,GLOBAL,999
oldsmobile,Oldsmobile,Intrigue,1997,2002,GLOBAL,999
oldsmobile,Oldsmobile,Silhouette,1996,2004,GLOBAL,999
oldsmobile,Oldsmobile,Toronado,1966,1992,GLOBAL,999
omoda,Omoda,7,2026,,GLOBAL,999
opel,Opel,Adam,2013,2019,BG,8
opel,Opel,Adam Rocks,2013,2019,BG,8
opel,Opel,Agila,2000,2015,BG,8
opel,Opel,Ampera,2011,2019,BG,8
opel,Opel,Antara,2007,2017,BG,8
opel,Opel,Astra,1991,,BG,8
opel,Opel,Astra Caravan,1994,2011,BG,8
opel,Opel,Astra GTC,2011,2018,BG,8
opel,Opel,Astra OPC,2000,2018,BG,8
opel,Opel,Astra Sports Tourer,2010,,BG,8
opel,Opel,Astra Twin Top /,2006,2011,BG,8
opel,Opel,Calibra,1989,1997,BG,8
opel,Opel,Cascada,2013,2019,BG,8
opel,Opel,Combo,2001,2023,BG,8
opel,Opel,Corsa,1993,,BG,8
opel,Opel,Corsa GSE,2026,,BG,8
opel,Opel,Corsa OPC,2007,2019,BG,8
opel,Opel,Crossland,2017,,BG,8
opel,Opel,Frontera,1992,,BG,8
opel,Opel,Grandland,2017,,BG,8
opel,Opel,GT,1968,2009,BG,8
opel,Opel,Insignia,2008,2022,BG,8
opel,Opel,Insignia Country Tourer,2013,2017,BG,8
opel,Opel,Insignia GSi,2017,2020,BG,8
opel,Opel,Insignia OPC,2009,2013,BG,8
opel,Opel,Insignia Sports Tourer,2009,2020,BG,8
opel,Opel,Insignia Sports Tourer GSi,2017,2020,BG,8
opel,Opel,Insignia Sports Tourer OPC,2009,2017,BG,8
opel,Opel,Kadett,1984,1993,BG,8
opel,Opel,Kadett Caravan,1984,1991,BG,8
opel,Opel,Karl,2015,2019,BG,8
opel,Opel,Manta,1975,1989,BG,8
opel,Opel,Meriva,2003,2017,BG,8
opel,Opel,Mokka,2012,,BG,8
opel,Opel,Monterey,1992,1998,BG,8
opel,Opel,Monza,1983,1987,BG,8
opel,Opel,Omega,1986,2003,BG,8
opel,Opel,Omega Caravan,1986,2003,BG,8
opel,Opel,Rekord,1977,1986,BG,8
opel,Opel,Rekord Caravan,1977,1986,BG,8
opel,Opel,Rocks-e,2021,,BG,8
opel,Opel,Senator,1983,1993,BG,8
opel,Opel,Signum,2003,2008,BG,8
opel,Opel,Sintra,1997,1999,BG,8
opel,Opel,Speedster,2001,2005,BG,8
opel,Opel,Tigra,1994,2009,BG,8
opel,Opel,Vectra,1988,2008,BG,8
opel,Opel,Vectra Caravan,1996,2008,BG,8
opel,Opel,Vectra OPC,2005,2008,BG,8
opel,Opel,Zafira,1999,,BG,8
ora,Ora,Black Cat,2018,,GLOBAL,999
ora,Ora,Funky Cat,2022,,GLOBAL,999
ora,Ora,Good Cat,2020,,GLOBAL,999
ora,Ora,Lightning Cat,2023,,GLOBAL,999
pagani,Pagani,Huayra,2012,2022,GLOBAL,999
pagani,Pagani,Imola,2020,,GLOBAL,999
pagani,Pagani,Utopia,2022,,GLOBAL,999
pagani,Pagani,Zonda,2003,2006,GLOBAL,999
pagani,Pagani,Zonda Cinque,2008,2010,GLOBAL,999
pagani,Pagani,Zonda F,2005,2010,GLOBAL,999
pagani,Pagani,Zonda S,2002,2006,GLOBAL,999
panoz,Panoz,Avezzano,2017,,GLOBAL,999
panoz,Panoz,Esperante,1999,2007,GLOBAL,999
panoz,Panoz,Esperante GT,2000,2007,GLOBAL,999
panoz,Panoz,Esperante GTLM,2003,2007,GLOBAL,999
panoz,Panoz,Roadster,1992,1995,GLOBAL,999
perodua,Perodua,Alza,2009,2022,GLOBAL,999
perodua,Perodua,Aruz,2019,,GLOBAL,999
perodua,Perodua,Axia,2014,2023,GLOBAL,999
perodua,Perodua,Bezza,2016,2025,GLOBAL,999
perodua,Perodua,Myvi,2015,2017,GLOBAL,999
peugeot,Peugeot,1007,2007,2009,BG,7
peugeot,Peugeot,104,1972,1988,BG,7
peugeot,Peugeot,106,1991,2003,BG,7
peugeot,Peugeot,107,2005,2014,BG,7
peugeot,Peugeot,108,2014,2022,BG,7
peugeot,Peugeot,2008,2013,,BG,7
peugeot,Peugeot,205,1983,1998,BG,7
peugeot,Peugeot,206,1998,2012,BG,7
peugeot,Peugeot,206 CC,2001,2007,BG,7
peugeot,Peugeot,206 SW,2002,2007,BG,7
peugeot,Peugeot,206+,2009,2013,BG,7
peugeot,Peugeot,207,2006,2012,BG,7
peugeot,Peugeot,207 CC,2007,2014,BG,7
peugeot,Peugeot,207 SW,2007,2012,BG,7
peugeot,Peugeot,208,2012,,BG,7
peugeot,Peugeot,208 GTI,2013,2018,BG,7
peugeot,Peugeot,208 XY,2013,2015,BG,7
peugeot,Peugeot,3008,2009,,BG,7
peugeot,Peugeot,301,2012,,BG,7
peugeot,Peugeot,306,1993,2003,BG,7
peugeot,Peugeot,307,2001,2008,BG,7
peugeot,Peugeot,307 CC,2003,2008,BG,7
peugeot,Peugeot,307 SW,2002,2008,BG,7
peugeot,Peugeot,308,2008,,BG,7
peugeot,Peugeot,308 CC,2008,2015,BG,7
peugeot,Peugeot,308 SW,2008,,BG,7
peugeot,Peugeot,4007,2007,2012,BG,7
peugeot,Peugeot,4008,2012,2017,BG,7
peugeot,Peugeot,405,1987,1996,BG,7
peugeot,Peugeot,406,1995,2004,BG,7
peugeot,Peugeot,406 Break,1996,2004,BG,7
peugeot,Peugeot,407,2004,2010,BG,7
peugeot,Peugeot,407 SW,2004,2010,BG,7
peugeot,Peugeot,408,2010,,BG,7
peugeot,Peugeot,5008,2009,,BG,7
peugeot,Peugeot,504,1968,1982,BG,7
peugeot,Peugeot,505,1979,1992,BG,7
peugeot,Peugeot,508,2010,,BG,7
peugeot,Peugeot,508 RXH,2011,2018,BG,7
peugeot,Peugeot,508 SW,2010,,BG,7
peugeot,Peugeot,604,1975,1986,BG,7
peugeot,Peugeot,605,1989,1999,BG,7
peugeot,Peugeot,607,2000,2010,BG,7
peugeot,Peugeot,806,1994,2002,BG,7
peugeot,Peugeot,807,2002,2008,BG,7
peugeot,Peugeot,Hoggar,2010,2014,BG,7
peugeot,Peugeot,iOn,2010,2012,BG,7
peugeot,Peugeot,Landtrek,2020,,BG,7
peugeot,Peugeot,Partner Combi,2002,2008,BG,7
peugeot,Peugeot,Pick Up,2017,2020,BG,7
peugeot,Peugeot,RCZ,2009,2015,BG,7
peugeot,Peugeot,RCZ R,2013,2015,BG,7
peugeot,Peugeot,RIFTER,2018,2023,BG,7
peugeot,Peugeot,Tepee,2007,2017,BG,7
peugeot,Peugeot,Traveller,2016,,BG,7
pininfarina,Pininfarina,B95,2023,,GLOBAL,999
pininfarina,Pininfarina,Battista,2019,2025,GLOBAL,999
plymouth,Plymouth,ACCLAIM,1988,1994,GLOBAL,999
plymouth,Plymouth,BREEZE,1995,2000,GLOBAL,999
plymouth,Plymouth,LASER,1989,1994,GLOBAL,999
plymouth,Plymouth,NEON,1994,1999,GLOBAL,999
plymouth,Plymouth,Valiant,1967,1973,GLOBAL,999
plymouth,Plymouth,VOYAGER,1984,2000,GLOBAL,999
polestar,Polestar,1,2019,2022,GLOBAL,999
polestar,Polestar,2,2019,,GLOBAL,999
polestar,Polestar,3,2022,,GLOBAL,999
polestar,Polestar,4,2023,,GLOBAL,999
polestar,Polestar,5,2025,,GLOBAL,999
pontiac,Pontiac,Aztek,2000,2005,GLOBAL,999
pontiac,Pontiac,Bonneville,1958,2005,GLOBAL,999
pontiac,Pontiac,Fiero,1985,1988,GLOBAL,999
pontiac,Pontiac,Firebird,1967,2002,GLOBAL,999
pontiac,Pontiac,G3,2009,2011,GLOBAL,999
pontiac,Pontiac,G5,2004,2010,GLOBAL,999
pontiac,Pontiac,G6,2004,2010,GLOBAL,999
pontiac,Pontiac,G8,2007,2009,GLOBAL,999
pontiac,Pontiac,Grand Am,1998,2005,GLOBAL,999
pontiac,Pontiac,Grand Prix,1990,2008,GLOBAL,999
pontiac,Pontiac,GTO,1964,2006,GLOBAL,999
pontiac,Pontiac,Montana,2000,2009,GLOBAL,999
pontiac,Pontiac,Solstice,2005,2009,GLOBAL,999
pontiac,Pontiac,Sunfire,1994,2005,GLOBAL,999
pontiac,Pontiac,Sunfire Cabrio,1994,1999,GLOBAL,999
pontiac,Pontiac,Torrent,2005,2009,GLOBAL,999
pontiac,Pontiac,Trans Sport,1990,1996,GLOBAL,999
pontiac,Pontiac,Vibe,2002,2010,GLOBAL,999
porsche,Porsche,718,2019,,BG,26
porsche,Porsche,718 Boxster,2016,,BG,26
porsche,Porsche,718 Boxster GTS,2017,,BG,26
porsche,Porsche,718 Boxster S,2016,,BG,26
porsche,Porsche,718 Cayman,2016,,BG,26
porsche,Porsche,718 Cayman GT4,2015,,BG,26
porsche,Porsche,718 Cayman GTS,2017,,BG,26
porsche,Porsche,718 Cayman S,2016,,BG,26
porsche,Porsche,911 Carrera,1964,,BG,26
porsche,Porsche,911 Carrera 4,1988,2016,BG,26
porsche,Porsche,911 Carrera 4 GTS,2014,,BG,26
porsche,Porsche,911 Carrera 4S,1995,2025,BG,26
porsche,Porsche,911 Carrera GTS,2010,2021,BG,26
porsche,Porsche,911 Carrera RS,1972,1996,BG,26
porsche,Porsche,911 Carrera S,1995,2024,BG,26
porsche,Porsche,911 Carrera T,2017,,BG,26
porsche,Porsche,911 GT2,1995,2009,BG,26
porsche,Porsche,911 GT2 RS,2010,2019,BG,26
porsche,Porsche,911 GT3,1999,,BG,26
porsche,Porsche,911 GT3 RS,2004,2019,BG,26
porsche,Porsche,911 R,2016,2019,BG,26
porsche,Porsche,911 Sport Classic,2010,2012,BG,26
porsche,Porsche,911 Targa,1967,1997,BG,26
porsche,Porsche,911 Targa 4,2006,,BG,26
porsche,Porsche,911 Targa 4 GTS,2015,,BG,26
porsche,Porsche,911 Targa 4S,2006,,BG,26
porsche,Porsche,911 Turbo,1974,,BG,26
porsche,Porsche,911 Turbo S,2004,,BG,26
porsche,Porsche,918,2013,2015,BG,26
porsche,Porsche,928,1978,1982,BG,26
porsche,Porsche,928 GT,1989,1991,BG,26
porsche,Porsche,928 GTS,1992,1995,BG,26
porsche,Porsche,928 S,1980,1991,BG,26
porsche,Porsche,944,1981,1990,BG,26
porsche,Porsche,944 S,1986,1991,BG,26
porsche,Porsche,944 Turbo,1985,1990,BG,26
porsche,Porsche,959,1987,1988,BG,26
porsche,Porsche,968,1991,1995,BG,26
porsche,Porsche,968 Turbo S,1993,1994,BG,26
porsche,Porsche,Boxster,1996,2019,BG,26
porsche,Porsche,Boxster S,1999,2016,BG,26
porsche,Porsche,Carrera GT,2003,2006,BG,26
porsche,Porsche,Cayenne,2002,,BG,26
porsche,Porsche,Cayenne Diesel,2008,2017,BG,26
porsche,Porsche,Cayenne Electric,2026,,BG,26
porsche,Porsche,Cayenne GTS,2008,,BG,26
porsche,Porsche,Cayenne S,2002,,BG,26
porsche,Porsche,Cayenne S Diesel,2012,2017,BG,26
porsche,Porsche,Cayenne S E-Hybrid,2014,2019,BG,26
porsche,Porsche,Cayenne S Electric,2026,,BG,26
porsche,Porsche,Cayenne S Hybrid,2010,2014,BG,26
porsche,Porsche,Cayenne S TransSyberia,2009,2011,BG,26
porsche,Porsche,Cayenne Turbo,2002,2023,BG,26
porsche,Porsche,Cayenne Turbo E-Hybrid,2023,,BG,26
porsche,Porsche,Cayenne Turbo S,2006,2017,BG,26
porsche,Porsche,Cayenne Turbo S E-Hybrid,2019,2023,BG,26
porsche,Porsche,Cayman,2006,2016,BG,26
porsche,Porsche,Cayman R,2010,2011,BG,26
porsche,Porsche,Cayman S,2005,2016,BG,26
porsche,Porsche,Macan,2014,2024,BG,26
porsche,Porsche,Macan 4 Electric,2024,,BG,26
porsche,Porsche,Macan GTS,2015,,BG,26
porsche,Porsche,Macan S,2014,,BG,26
porsche,Porsche,Macan S Diesel,2014,2018,BG,26
porsche,Porsche,Macan T,2022,,BG,26
porsche,Porsche,Macan Turbo,2014,2021,BG,26
porsche,Porsche,Macan Turbo Electric,2024,,BG,26
porsche,Porsche,Panamera,2009,2023,BG,26
porsche,Porsche,Panamera 4,2009,,BG,26
porsche,Porsche,Panamera 4 E-Hybrid,2016,2020,BG,26
porsche,Porsche,Panamera 4 E-Hybrid Sport Turismo,2017,2020,BG,26
porsche,Porsche,Panamera 4 Sport Turismo,2017,2020,BG,26
porsche,Porsche,Panamera 4S,2009,2020,BG,26
porsche,Porsche,Panamera 4S Diesel,2016,2020,BG,26
porsche,Porsche,Panamera 4S Diesel Sport Turismo,2017,2020,BG,26
porsche,Porsche,Panamera 4S E-Hybrid,2020,,BG,26
porsche,Porsche,Panamera 4S Sport Turismo,2017,2020,BG,26
porsche,Porsche,Panamera Diesel,2011,2016,BG,26
porsche,Porsche,Panamera GTS,2011,,BG,26
porsche,Porsche,Panamera GTS Sport Turismo,2018,,BG,26
porsche,Porsche,Panamera S,2009,2016,BG,26
porsche,Porsche,Panamera S E-Hybrid,2013,2016,BG,26
porsche,Porsche,Panamera S Hybrid,2011,2013,BG,26
porsche,Porsche,Panamera Turbo,2009,2020,BG,26
porsche,Porsche,Panamera Turbo E Hybrid,2023,,BG,26
porsche,Porsche,Panamera Turbo S,2011,,BG,26
porsche,Porsche,Panamera Turbo S E-Hybrid,2017,2020,BG,26
porsche,Porsche,Panamera Turbo S E-Hybrid Sport Turismo,2017,2023,BG,26
porsche,Porsche,Panamera Turbo S Sport Turismo,2020,,BG,26
porsche,Porsche,Panamera Turbo Sport Turismo,2017,2020,BG,26
porsche,Porsche,Speedster,2019,2019,BG,26
porsche,Porsche,Taycan,2019,,BG,26
porsche,Porsche,Taycan Cross Turismo,2021,,BG,26
porsche,Porsche,Taycan GTS,2021,,BG,26
porsche,Porsche,Taycan GTS Sport Turismo,2021,,BG,26
porsche,Porsche,Taycan Sport Turismo,2024,,BG,26
porsche,Porsche,Taycan Turbo,2019,,BG,26
proton,Proton,Arena / Jumbuck,2002,2011,GLOBAL,999
proton,Proton,Ertiga,2016,2018,GLOBAL,999
proton,Proton,Exora,2009,2019,GLOBAL,999
proton,Proton,Gen-2,2004,2013,GLOBAL,999
proton,Proton,Inspira,2010,2015,GLOBAL,999
proton,Proton,Iriz,2014,2017,GLOBAL,999
proton,Proton,Perdana,2016,2020,GLOBAL,999
proton,Proton,Persona,2007,2019,GLOBAL,999
proton,Proton,Preve,2011,2018,GLOBAL,999
proton,Proton,Saga,2011,2019,GLOBAL,999
proton,Proton,Satria Neo,2006,2015,GLOBAL,999
proton,Proton,Savvy,2005,2012,GLOBAL,999
proton,Proton,Suprima S,2013,2019,GLOBAL,999
proton,Proton,Waja / Impian,2001,2011,GLOBAL,999
qoros,Qoros,3,2013,2020,GLOBAL,999
qoros,Qoros,5,2016,2020,GLOBAL,999
ram,Ram,Trucks 1500,2013,,GLOBAL,999
ram,Ram,Trucks 2500,2013,2025,GLOBAL,999
ram,Ram,Trucks 3500,2013,2025,GLOBAL,999
renault,Renault,11,1983,1986,BG,12
renault,Renault,12,1969,1980,BG,12
renault,Renault,14,1976,1983,BG,12
renault,Renault,16,1965,1980,BG,12
renault,Renault,18,1978,1984,BG,12
renault,Renault,19,1988,1996,BG,12
renault,Renault,20,1975,1984,BG,12
renault,Renault,21,1986,1994,BG,12
renault,Renault,25,1984,1992,BG,12
renault,Renault,30,1979,1984,BG,12
renault,Renault,4 E-Tech,2025,,BG,12
renault,Renault,5,1972,1984,BG,12
renault,Renault,5 E-Tech,2024,,BG,12
renault,Renault,8,1962,1971,BG,12
renault,Renault,9,1981,1988,BG,12
renault,Renault,Alaskan,2016,2025,BG,12
renault,Renault,Alpine,1977,1994,BG,12
renault,Renault,Arkana,2019,,BG,12
renault,Renault,Austral,2022,,BG,12
renault,Renault,Avantime,2001,2003,BG,12
renault,Renault,Boreal,2025,,BG,12
renault,Renault,Captur,2013,,BG,12
renault,Renault,City K-ZE,2019,,BG,12
renault,Renault,Clio,1990,,BG,12
renault,Renault,Clio RS,2013,2016,BG,12
renault,Renault,Clio Symbol / Thalia,2000,2013,BG,12
renault,Renault,Duster OROCH,2015,2022,BG,12
renault,Renault,Espace,1985,,BG,12
renault,Renault,Filante,2026,,BG,12
renault,Renault,Fluence,2009,2016,BG,12
renault,Renault,Fuego,1980,1985,BG,12
renault,Renault,Grand Kangoo,2023,,BG,12
renault,Renault,Grand Modus,2008,2012,BG,12
renault,Renault,Grand Scenic,2003,2022,BG,12
renault,Renault,Kadjar,2015,2020,BG,12
renault,Renault,Kangoo,1997,,BG,12
renault,Renault,Kardian,2023,,BG,12
renault,Renault,Kiger,2021,,BG,12
renault,Renault,Koleos,2007,2025,BG,12
renault,Renault,Kwid,2015,2019,BG,12
renault,Renault,Laguna,1994,2016,BG,12
renault,Renault,Latitude,2010,2015,BG,12
renault,Renault,Logan,2014,2022,BG,12
renault,Renault,Megane,1996,,BG,12
renault,Renault,Megane E-Tech,2021,,BG,12
renault,Renault,Modus,2005,2012,BG,12
renault,Renault,Pulse,2011,2017,BG,12
renault,Renault,Rafale,2023,,BG,12
renault,Renault,Safrane,1992,2000,BG,12
renault,Renault,Sandero,2007,2025,BG,12
renault,Renault,Sandero GT,2012,2015,BG,12
renault,Renault,Scala,2012,2017,BG,12
renault,Renault,Scenic,1995,,BG,12
renault,Renault,SCENIC XMOD,2013,2016,BG,12
renault,Renault,Spider,1996,1998,BG,12
renault,Renault,Symbioz,2024,,BG,12
renault,Renault,Talisman,2016,2022,BG,12
renault,Renault,Triber,2019,2025,BG,12
renault,Renault,Twingo,2007,,BG,12
renault,Renault,Twingo RS,2008,2013,BG,12
renault,Renault,Twizy,2012,2023,BG,12
renault,Renault,Vel Satis,2002,2009,BG,12
renault,Renault,Wind,2010,2013,BG,12
renault,Renault,ZOE,2013,2024,BG,12
rimac,Rimac,Nevera,2021,,GLOBAL,999
rivian,Rivian,R1S,2021,,GLOBAL,999
rivian,Rivian,R1T,2021,,GLOBAL,999
rivian,Rivian,R2,2024,,GLOBAL,999
rivian,Rivian,R3,2024,,GLOBAL,999
rivian,Rivian,R3X,2024,,GLOBAL,999
rolls-royce,Rolls-Royce,Arcadia,2024,,GLOBAL,999
rolls-royce,Rolls-Royce,Camargue,1975,1986,GLOBAL,999
rolls-royce,Rolls-Royce,Corniche,1971,2003,GLOBAL,999
rolls-royce,Rolls-Royce,Cullinan,2018,,GLOBAL,999
rolls-royce,Rolls-Royce,Dawn,2016,2023,GLOBAL,999
rolls-royce,Rolls-Royce,Flying Spur,1994,1995,GLOBAL,999
rolls-royce,Rolls-Royce,Ghost,2009,,GLOBAL,999
rolls-royce,Rolls-Royce,La Rose Noire,2023,,GLOBAL,999
rolls-royce,Rolls-Royce,Park Ward,1995,2002,GLOBAL,999
rolls-royce,Rolls-Royce,Phantom,1925,2022,GLOBAL,999
rolls-royce,Rolls-Royce,Silver Dawn,1949,1999,GLOBAL,999
rolls-royce,Rolls-Royce,Silver Seraph,1998,2002,GLOBAL,999
rolls-royce,Rolls-Royce,Silver Shadow,1965,1982,GLOBAL,999
rolls-royce,Rolls-Royce,Silver Spirit,1980,1998,GLOBAL,999
rolls-royce,Rolls-Royce,Silver Spur,1995,1998,GLOBAL,999
rolls-royce,Rolls-Royce,Spectre,2022,,GLOBAL,999
rolls-royce,Rolls-Royce,Wraith,2013,2023,GLOBAL,999
rover,Rover,100 Cabrio,1994,2000,GLOBAL,999
saab,Saab,9-2X,2004,2006,GLOBAL,999
saab,Saab,9-3,1998,2012,GLOBAL,999
saab,Saab,9-3 Aero,2014,2014,GLOBAL,999
saab,Saab,9-3 Sport,1998,2012,GLOBAL,999
saab,Saab,9-3 SportCombi,2004,2012,GLOBAL,999
saab,Saab,9-3X,2009,2012,GLOBAL,999
saab,Saab,9-5,1997,2012,GLOBAL,999
saab,Saab,9-5 SportCombi,1998,2009,GLOBAL,999
saab,Saab,9-7X,2005,2009,GLOBAL,999
saab,Saab,90,1984,1987,GLOBAL,999
saab,Saab,900,1994,1998,GLOBAL,999
saab,Saab,900 Cabrio,1986,1998,GLOBAL,999
saab,Saab,9000,1991,1998,GLOBAL,999
saipa,Saipa,Pride,1993,,GLOBAL,999
saipa,Saipa,Quick,2018,,GLOBAL,999
saipa,Saipa,Saba,1993,2005,GLOBAL,999
saipa,Saipa,Saina,2016,,GLOBAL,999
saipa,Saipa,Shahin,2020,,GLOBAL,999
saipa,Saipa,Tiba,2009,,GLOBAL,999
saleen,Saleen,S7,2000,2004,GLOBAL,999
saleen,Saleen,S7TT,2005,2006,GLOBAL,999
samsung,Samsung,SM 3,2002,2013,GLOBAL,999
samsung,Samsung,SM 5,1998,2010,GLOBAL,999
samsung,Samsung,SM 7,2005,2011,GLOBAL,999
santana,Santana,300 - 350,2005,2011,GLOBAL,999
santana,Santana,PS 10 Pickup,2003,2008,GLOBAL,999
santana,Santana,PS 10 Plus,2002,2006,GLOBAL,999
santana,Santana,PS 10 Shortline,2006,2008,GLOBAL,999
saturn,Saturn,Astra,2007,2010,GLOBAL,999
saturn,Saturn,Aura,2006,2009,GLOBAL,999
saturn,Saturn,Ion,2003,2007,GLOBAL,999
saturn,Saturn,Ion Quad,2003,2007,GLOBAL,999
saturn,Saturn,Outlook,2006,2010,GLOBAL,999
saturn,Saturn,Relay,2004,2007,GLOBAL,999
saturn,Saturn,Sky,2006,2009,GLOBAL,999
saturn,Saturn,Vue,2001,2010,GLOBAL,999
scion,Scion,FR-S,2013,2016,GLOBAL,999
scion,Scion,iA,2016,2017,GLOBAL,999
scion,Scion,iM,2016,2017,GLOBAL,999
scion,Scion,iQ,2011,2016,GLOBAL,999
scion,Scion,tC,2003,2016,GLOBAL,999
scion,Scion,xA,2003,2006,GLOBAL,999
scion,Scion,xB,2003,2015,GLOBAL,999
scion,Scion,xD,2007,2014,GLOBAL,999
scout,Scout,MOTORS Terra,2024,,GLOBAL,999
scout,Scout,MOTORS Traveler,2024,,GLOBAL,999
seat,SEAT,Alhambra,1996,2020,GLOBAL,999
seat,SEAT,Altea,2004,2015,GLOBAL,999
seat,SEAT,Arona,2017,,GLOBAL,999
seat,SEAT,Arosa,1997,2004,GLOBAL,999
seat,SEAT,Ateca,2016,,GLOBAL,999
seat,SEAT,Cordoba,1996,2009,GLOBAL,999
seat,SEAT,Cordoba Cupra,2000,2003,GLOBAL,999
seat,SEAT,Cordoba SX,1996,2003,GLOBAL,999
seat,SEAT,Cordoba Vario,1996,2003,GLOBAL,999
seat,SEAT,Exeo,2008,2013,GLOBAL,999
seat,SEAT,Exeo ST,2009,2013,GLOBAL,999
seat,SEAT,Ibiza,1993,,GLOBAL,999
seat,SEAT,Ibiza Bocanegra,2009,2017,GLOBAL,999
seat,SEAT,Ibiza Cupra,1996,2017,GLOBAL,999
seat,SEAT,Ibiza FR,2009,2017,GLOBAL,999
seat,SEAT,Ibiza ST,2010,2017,GLOBAL,999
seat,SEAT,Leon,2000,,GLOBAL,999
seat,SEAT,Leon Cupra,2001,2018,GLOBAL,999
seat,SEAT,Leon Cupra R,2002,2018,GLOBAL,999
seat,SEAT,Leon FR / Topsport,2002,2012,GLOBAL,999
seat,SEAT,Leon SC,2013,2020,GLOBAL,999
seat,SEAT,Leon ST,2013,,GLOBAL,999
seat,SEAT,Leon ST Cupra,2015,2020,GLOBAL,999
seat,SEAT,Leon X-Perience,2014,2017,GLOBAL,999
seat,SEAT,Malaga,1985,1992,GLOBAL,999
seat,SEAT,Marbella,1986,1998,GLOBAL,999
seat,SEAT,Mii,2011,2021,GLOBAL,999
seat,SEAT,Tarraco,2018,2024,GLOBAL,999
seat,SEAT,Toledo,1991,2018,GLOBAL,999
skoda,Skoda,SKODA 100 series,1969,1982,BG,11
skoda,Skoda,SKODA Citigo,2011,2020,BG,11
skoda,Skoda,SKODA Elroq,2024,,BG,11
skoda,Skoda,SKODA Elroq RS,2025,,BG,11
skoda,Skoda,SKODA Enyaq,2020,,BG,11
skoda,Skoda,SKODA Enyaq Coupe RS,2025,,BG,11
skoda,Skoda,SKODA Enyaq RS,2025,,BG,11
skoda,Skoda,SKODA Epiq,2026,,BG,11
skoda,Skoda,SKODA Fabia,2000,,BG,11
skoda,Skoda,SKODA Fabia Combi,2000,2021,BG,11
skoda,Skoda,SKODA Fabia Combi RS,2010,2014,BG,11
skoda,Skoda,SKODA Fabia RS,2003,2014,BG,11
skoda,Skoda,SKODA Favorit,1989,1995,BG,11
skoda,Skoda,SKODA Felicia,1995,2001,BG,11
skoda,Skoda,SKODA Felicia Combi,1995,2001,BG,11
skoda,Skoda,SKODA Kamiq,2018,,BG,11
skoda,Skoda,SKODA Karoq,2017,,BG,11
skoda,Skoda,SKODA Kodiaq,2016,,BG,11
skoda,Skoda,SKODA Kodiaq RS,2018,,BG,11
skoda,Skoda,SKODA Kushaq,2021,,BG,11
skoda,Skoda,SKODA Kylaq,2024,,BG,11
skoda,Skoda,SKODA Octavia,1997,,BG,11
skoda,Skoda,SKODA Octavia Combi,1997,,BG,11
skoda,Skoda,SKODA Octavia Combi 4x4,2009,2020,BG,11
skoda,Skoda,SKODA Octavia Combi RS,2002,,BG,11
skoda,Skoda,SKODA Octavia RS,2001,,BG,11
skoda,Skoda,SKODA Octavia Scout,2006,,BG,11
skoda,Skoda,SKODA Rapid,2011,2021,BG,11
skoda,Skoda,SKODA Rapid Spaceback,2013,2019,BG,11
skoda,Skoda,SKODA Roomster,2006,2015,BG,11
skoda,Skoda,SKODA Scala,2018,,BG,11
skoda,Skoda,SKODA Slavia,2021,,BG,11
skoda,Skoda,SKODA Superb,2002,,BG,11
skoda,Skoda,SKODA Superb Combi / Scout,2009,,BG,11
skoda,Skoda,SKODA Yeti,2009,2017,BG,11
smart,Smart,1,2022,,BG,42
smart,Smart,3,2023,,BG,42
smart,Smart,5,2024,,BG,42
smart,Smart,crossblade,2002,2003,BG,42
smart,Smart,Electric Drive,2012,2021,BG,42
smart,Smart,forfour,2003,2021,BG,42
smart,Smart,forfour Brabus,2005,2006,BG,42
smart,Smart,fortwo,1998,2024,BG,42
smart,Smart,fortwo Brabus,2003,2019,BG,42
smart,Smart,fortwo Cabrio,2000,2024,BG,42
smart,Smart,fortwo Cabrio Brabus,2003,2014,BG,42
smart,Smart,Roadster,2002,2006,BG,42
smart,Smart,Roadster Brabus,,,BG,42
smart,Smart,Roadster Coupe Brabus,,,BG,42
speranza,Speranza,A113,2007,2015,GLOBAL,999
speranza,Speranza,A213,2009,2017,GLOBAL,999
speranza,Speranza,A516,2008,2017,GLOBAL,999
speranza,Speranza,A620,2009,2016,GLOBAL,999
speranza,Speranza,Envy,2014,2018,GLOBAL,999
speranza,Speranza,M11,2010,2017,GLOBAL,999
speranza,Speranza,M12,2010,2016,GLOBAL,999
speranza,Speranza,Tiggo,2008,2017,GLOBAL,999
spyker,Spyker,C12 LaTurbie,2006,2006,GLOBAL,999
spyker,Spyker,C8,2000,2009,GLOBAL,999
spyker,Spyker,C8 Double 12 S,2002,2007,GLOBAL,999
spyker,Spyker,C8 Laviolette,2001,2009,GLOBAL,999
spyker,Spyker,C8 Preliator,2016,2016,GLOBAL,999
ssangyong,SsangYong,Actyon,2006,2011,BG,36
ssangyong,SsangYong,Chairman,2004,2017,BG,36
ssangyong,SsangYong,Korando,1997,2023,BG,36
ssangyong,SsangYong,Kyron,2004,2014,BG,36
ssangyong,SsangYong,Musso,1998,2023,BG,36
ssangyong,SsangYong,Musso Sports,1998,2005,BG,36
ssangyong,SsangYong,Rexton,2001,,BG,36
ssangyong,SsangYong,Rodius,2004,2013,BG,36
ssangyong,SsangYong,Tivoli,2015,2023,BG,36
ssangyong,SsangYong,Tivoli XLV,2016,2023,BG,36
subaru,Subaru,360,1958,1971,BG,30
subaru,Subaru,Ascent,2019,,BG,30
subaru,Subaru,Baja,2003,2006,BG,30
subaru,Subaru,BRZ,2012,,BG,30
subaru,Subaru,Crosstrek,2015,,BG,30
subaru,Subaru,Exiga Liberty,2008,2018,BG,30
subaru,Subaru,Forester,1997,,BG,30
subaru,Subaru,Getaway,2026,,BG,30
subaru,Subaru,Impreza,1993,,BG,30
subaru,Subaru,Impreza WRX STi,1998,2014,BG,30
subaru,Subaru,Justy,1989,2016,BG,30
subaru,Subaru,Legacy,1998,,BG,30
subaru,Subaru,Levorg,2014,2019,BG,30
subaru,Subaru,Liberty,2008,2015,BG,30
subaru,Subaru,Mini Jumbo,1988,1992,BG,30
subaru,Subaru,Outback,1998,,BG,30
subaru,Subaru,Outback Wilderness,2023,,BG,30
subaru,Subaru,R1,2005,2010,BG,30
subaru,Subaru,R2,1969,2010,BG,30
subaru,Subaru,Solterra,2021,,BG,30
subaru,Subaru,Stella,2006,2011,BG,30
subaru,Subaru,SVX,1992,1997,BG,30
subaru,Subaru,Trailseeker,2026,,BG,30
subaru,Subaru,Trezia,2010,2014,BG,30
subaru,Subaru,Tribeca,2005,2013,BG,30
subaru,Subaru,Uncharted,2025,,BG,30
subaru,Subaru,Vivio,1992,2000,BG,30
subaru,Subaru,WRX,2014,,BG,30
subaru,Subaru,XV,2012,2015,BG,30
suzuki,Suzuki,Across,2020,,BG,25
suzuki,Suzuki,Aerio / Liana,2001,2007,BG,25
suzuki,Suzuki,Alto,2002,2013,BG,25
suzuki,Suzuki,APV,2004,2009,BG,25
suzuki,Suzuki,Baleno,2016,2019,BG,25
suzuki,Suzuki,Equator,2009,2012,BG,25
suzuki,Suzuki,Ertiga,2012,2015,BG,25
suzuki,Suzuki,Escudo / Grand Vitara,1991,2019,BG,25
suzuki,Suzuki,Escudo / Vitara,1989,2008,BG,25
suzuki,Suzuki,Forenza,2004,2008,BG,25
suzuki,Suzuki,Ignis,2000,2024,BG,25
suzuki,Suzuki,Jimny,2005,,BG,25
suzuki,Suzuki,Kizashi,2009,2016,BG,25
suzuki,Suzuki,Reno,2004,2008,BG,25
suzuki,Suzuki,S-Cross,2021,,BG,25
suzuki,Suzuki,Splash,2007,2014,BG,25
suzuki,Suzuki,Swace,2020,,BG,25
suzuki,Suzuki,Swift,1991,,BG,25
suzuki,Suzuki,SX4,2006,2014,BG,25
suzuki,Suzuki,SX4 Crossover,2006,2021,BG,25
suzuki,Suzuki,Verona,2004,2006,BG,25
suzuki,Suzuki,Vitara,2014,,BG,25
suzuki,Suzuki,Wagon R,1997,2007,BG,25
suzuki,Suzuki,X90,1996,1997,BG,25
suzuki,Suzuki,XL7,2004,2009,BG,25
tank,Tank,Tank 300,2020,,GLOBAL,999
tank,Tank,Tank 400,2023,,GLOBAL,999
tank,Tank,Tank 500,2021,,GLOBAL,999
tank,Tank,Tank 700,2023,,GLOBAL,999
tata,Tata,MOTORS Altroz,2019,,GLOBAL,999
tata,Tata,MOTORS Aria,2010,2017,GLOBAL,999
tata,Tata,MOTORS Harrier,2018,2023,GLOBAL,999
tata,Tata,MOTORS Indica,1998,2015,GLOBAL,999
tata,Tata,MOTORS Indigo,2002,2016,GLOBAL,999
tata,Tata,MOTORS Indigo SW,2004,2009,GLOBAL,999
tata,Tata,MOTORS Nano,2008,2018,GLOBAL,999
tata,Tata,MOTORS Nexon,2017,2023,GLOBAL,999
tata,Tata,MOTORS Safari,2005,2020,GLOBAL,999
tata,Tata,MOTORS Sumo,2008,2011,GLOBAL,999
tata,Tata,MOTORS Telcoline,1988,2005,GLOBAL,999
tesla,Tesla,Cybertruck,2021,,BG,31
tesla,Tesla,Model 3,2017,,BG,31
tesla,Tesla,Model S,2012,,BG,31
tesla,Tesla,Model X,2015,,BG,31
tesla,Tesla,Model Y,2019,,BG,31
tesla,Tesla,Roadster,2008,,BG,31
togg,Togg,T10F,2024,,GLOBAL,999
togg,Togg,T10X,2022,,GLOBAL,999
toyota,Toyota,4Runner,1990,,BG,5
toyota,Toyota,Agya,2012,2017,BG,5
toyota,Toyota,Alphard,2002,2007,BG,5
toyota,Toyota,Aqua,2021,,BG,5
toyota,Toyota,Aurion,2006,2017,BG,5
toyota,Toyota,Auris,2006,2023,BG,5
toyota,Toyota,Avalon,2005,2022,BG,5
toyota,Toyota,Avensis,1997,2018,BG,5
toyota,Toyota,Avensis Verso,2001,2006,BG,5
toyota,Toyota,Aygo,2005,2022,BG,5
toyota,Toyota,Aygo X,2021,,BG,5
toyota,Toyota,bZ,2026,,BG,5
toyota,Toyota,bZ4X,2022,,BG,5
toyota,Toyota,C-HR,2016,,BG,5
toyota,Toyota,Camry,1983,,BG,5
toyota,Toyota,Celica,1990,2006,BG,5
toyota,Toyota,Century,2023,,BG,5
toyota,Toyota,Century SUV,2023,,BG,5
toyota,Toyota,Corolla,1987,,BG,5
toyota,Toyota,Corolla Cross,2020,,BG,5
toyota,Toyota,Corolla Verso,2002,2009,BG,5
toyota,Toyota,Crown,1979,,BG,5
toyota,Toyota,Crown SUV,2022,,BG,5
toyota,Toyota,Etios,2010,2022,BG,5
toyota,Toyota,Etios Liva,2011,2020,BG,5
toyota,Toyota,FJ Cruiser,2006,2016,BG,5
toyota,Toyota,Fortuner,2011,,BG,5
toyota,Toyota,GR 86,2021,,BG,5
toyota,Toyota,GR Corolla,2022,,BG,5
toyota,Toyota,GR Supra,2022,,BG,5
toyota,Toyota,GR Yaris,2020,,BG,5
toyota,Toyota,Grand Highlander,2023,,BG,5
toyota,Toyota,GT 86,2012,2021,BG,5
toyota,Toyota,Harrier,2014,2020,BG,5
toyota,Toyota,Highlander / Kluger,2001,,BG,5
toyota,Toyota,Hilux,2005,,BG,5
toyota,Toyota,Hilux Extra Cab,2011,2017,BG,5
toyota,Toyota,Innova,2011,2013,BG,5
toyota,Toyota,iQ,2008,2015,BG,5
toyota,Toyota,Land Cruiser / Prado,1996,,BG,5
toyota,Toyota,Land Cruiser V8 and predecessors,1984,2021,BG,5
toyota,Toyota,Matrix,2003,2014,BG,5
toyota,Toyota,Mirai,2015,,BG,5
toyota,Toyota,MR2,1985,2005,BG,5
toyota,Toyota,Paseo,1996,2000,BG,5
toyota,Toyota,Picnic,1996,2001,BG,5
toyota,Toyota,Previa / Estima,1992,2016,BG,5
toyota,Toyota,Prius,1997,,BG,5
toyota,Toyota,Prius C,2012,2021,BG,5
toyota,Toyota,Prius Prime,2016,2022,BG,5
toyota,Toyota,Prius v/Prius+,2011,2021,BG,5
toyota,Toyota,RAV4,2000,,BG,5
toyota,Toyota,Rukus,2007,2015,BG,5
toyota,Toyota,Sequoia,2000,,BG,5
toyota,Toyota,Sienna,1998,,BG,5
toyota,Toyota,Solara,2004,2008,BG,5
toyota,Toyota,Starlet,1984,1999,BG,5
toyota,Toyota,Supra,1993,2026,BG,5
toyota,Toyota,Tacoma,2005,,BG,5
toyota,Toyota,Tundra,1999,,BG,5
toyota,Toyota,Urban Cruiser,2009,,BG,5
toyota,Toyota,Venza,2009,,BG,5
toyota,Toyota,Verso,2009,2018,BG,5
toyota,Toyota,VERSO-S,2010,2017,BG,5
toyota,Toyota,Vios,2013,2017,BG,5
toyota,Toyota,Yaris,1999,,BG,5
toyota,Toyota,Yaris Cross,2020,,BG,5
toyota,Toyota,Yaris TS,2007,2010,BG,5
toyota,Toyota,Yaris Verso,1999,2007,BG,5
trabant,Trabant,1.1,1990,1991,GLOBAL,999
trabant,Trabant,601,1963,1990,GLOBAL,999
tvr,TVR,"""Wedge Series""",1983,1987,GLOBAL,999
tvr,TVR,Cerbera,1996,2004,GLOBAL,999
tvr,TVR,Chimaera,1992,2001,GLOBAL,999
tvr,TVR,Griffith,1992,2017,GLOBAL,999
tvr,TVR,Sagaris,2004,2006,GLOBAL,999
tvr,TVR,T350,2002,2006,GLOBAL,999
tvr,TVR,Tamora,2002,2006,GLOBAL,999
tvr,TVR,Tuscan,2001,2005,GLOBAL,999
tvr,TVR,Tuscan R/ T 440R/T 400R/ Typhon,2000,2006,GLOBAL,999
tvr,TVR,Tuscan S,2001,2006,GLOBAL,999
uaz,UAZ,452,1965,,GLOBAL,999
uaz,UAZ,469,1972,2011,GLOBAL,999
uaz,UAZ,Hunter,2003,,GLOBAL,999
uaz,UAZ,Patriot,2005,,GLOBAL,999
vauxhall,Vauxhall,Agila,2000,2015,GLOBAL,999
vauxhall,Vauxhall,Antara,2007,2015,GLOBAL,999
vauxhall,Vauxhall,Astra,2004,,GLOBAL,999
vauxhall,Vauxhall,Astra Sport Hatch,2004,2010,GLOBAL,999
vauxhall,Vauxhall,Astra Twin Top,2007,2010,GLOBAL,999
vauxhall,Vauxhall,Astra VXR,2005,2015,GLOBAL,999
vauxhall,Vauxhall,Corsa,2001,2023,GLOBAL,999
vauxhall,Vauxhall,Corsa GSE,2026,,GLOBAL,999
vauxhall,Vauxhall,Corsa VXR,2011,2013,GLOBAL,999
vauxhall,Vauxhall,Crossland X,2017,2018,GLOBAL,999
vauxhall,Vauxhall,Grandland,2021,,GLOBAL,999
vauxhall,Vauxhall,Insignia,2008,2017,GLOBAL,999
vauxhall,Vauxhall,Insignia Country Tourer,2013,2017,GLOBAL,999
vauxhall,Vauxhall,Insignia Sports Tourer,2009,2017,GLOBAL,999
vauxhall,Vauxhall,Insignia VXR,2012,2017,GLOBAL,999
vauxhall,Vauxhall,Insignia VXR Sports Tourer,2010,2019,GLOBAL,999
vauxhall,Vauxhall,Meriva,2003,2017,GLOBAL,999
vauxhall,Vauxhall,Meriva VXR,2003,2009,GLOBAL,999
vauxhall,Vauxhall,Mokka,2012,2016,GLOBAL,999
vauxhall,Vauxhall,Mokka X,2016,2019,GLOBAL,999
vauxhall,Vauxhall,Monaro,2001,2007,GLOBAL,999
vauxhall,Vauxhall,Monaro VXR,2005,2007,GLOBAL,999
vauxhall,Vauxhall,Signum,2005,2008,GLOBAL,999
vauxhall,Vauxhall,Tigra Twin Top,2004,2009,GLOBAL,999
vauxhall,Vauxhall,Vectra,2005,2008,GLOBAL,999
vauxhall,Vauxhall,Vectra Estate VXR,2005,2008,GLOBAL,999
vauxhall,Vauxhall,Vectra Saloon,2005,2008,GLOBAL,999
vauxhall,Vauxhall,Vectra VXR,2005,2008,GLOBAL,999
vauxhall,Vauxhall,Viva,2015,2019,GLOBAL,999
vauxhall,Vauxhall,VX 220,2000,2005,GLOBAL,999
vauxhall,Vauxhall,VXR8,2008,2017,GLOBAL,999
vauxhall,Vauxhall,Zafira,2005,2018,GLOBAL,999
vauxhall,Vauxhall,Zafira VXR,2005,2010,GLOBAL,999
vinfast,VinFast,VF 8,2022,,GLOBAL,999
vinfast,VinFast,VF 9,2022,,GLOBAL,999
volkswagen,Volkswagen,Amarok,2009,,BG,4
volkswagen,Volkswagen,Ameo,2016,2020,BG,4
volkswagen,Volkswagen,Arteon,2017,,BG,4
volkswagen,Volkswagen,Arteon Shooting Brake,2020,,BG,4
volkswagen,Volkswagen,Atlas,2017,,BG,4
volkswagen,Volkswagen,Atlas Cross Sport,2019,,BG,4
volkswagen,Volkswagen,Beetle,1945,2019,BG,4
volkswagen,Volkswagen,Beetle Cabrio,2003,2019,BG,4
volkswagen,Volkswagen,Caddy,2005,2025,BG,4
volkswagen,Volkswagen,CC,2012,2017,BG,4
volkswagen,Volkswagen,Corrado,1989,1995,BG,4
volkswagen,Volkswagen,Cross UP!,2013,2019,BG,4
volkswagen,Volkswagen,Derby,1977,1981,BG,4
volkswagen,Volkswagen,e-Golf,2014,2021,BG,4
volkswagen,Volkswagen,e-UP!,2013,2023,BG,4
volkswagen,Volkswagen,Eos,2006,2016,BG,4
volkswagen,Volkswagen,Fox,2005,2009,BG,4
volkswagen,Volkswagen,Gol,2008,2016,BG,4
volkswagen,Volkswagen,Golf,1974,,BG,4
volkswagen,Volkswagen,Golf Alltrack,2014,,BG,4
volkswagen,Volkswagen,Golf Cabrio,1993,2016,BG,4
volkswagen,Volkswagen,Golf GTD Variant,2015,2021,BG,4
volkswagen,Volkswagen,Golf GTI / GTD / GTE,1976,,BG,4
volkswagen,Volkswagen,Golf GTI cabrio,2012,2015,BG,4
volkswagen,Volkswagen,Golf Plus,2005,2013,BG,4
volkswagen,Volkswagen,Golf R,2002,,BG,4
volkswagen,Volkswagen,Golf R Cabrio,2013,2017,BG,4
volkswagen,Volkswagen,Golf R Variant,2015,,BG,4
volkswagen,Volkswagen,Golf Sportsvan,2014,2020,BG,4
volkswagen,Volkswagen,Golf Variant,1993,,BG,4
volkswagen,Volkswagen,ID. Buzz,2023,,BG,4
volkswagen,Volkswagen,ID.3,2020,,BG,4
volkswagen,Volkswagen,ID.3 GTX,2024,,BG,4
volkswagen,Volkswagen,ID.4,2020,,BG,4
volkswagen,Volkswagen,ID.5,2021,,BG,4
volkswagen,Volkswagen,ID.5 GTX,2021,,BG,4
volkswagen,Volkswagen,ID.7,2023,,BG,4
volkswagen,Volkswagen,ID.7 GTX,2024,,BG,4
volkswagen,Volkswagen,ID.7 GTX Tourer,2024,,BG,4
volkswagen,Volkswagen,ID.7 Tourer,2024,,BG,4
volkswagen,Volkswagen,ID.Polo GTI,2026,,BG,4
volkswagen,Volkswagen,Jetta / Vento / Bora,1992,,BG,4
volkswagen,Volkswagen,Jetta GLI,2021,,BG,4
volkswagen,Volkswagen,Lavida,2008,2012,BG,4
volkswagen,Volkswagen,Lupo,1998,2005,BG,4
volkswagen,Volkswagen,Multivan,2003,,BG,4
volkswagen,Volkswagen,Nivus,2020,,BG,4
volkswagen,Volkswagen,Passat,1973,2022,BG,4
volkswagen,Volkswagen,Passat Alltrack,2012,2023,BG,4
volkswagen,Volkswagen,Passat GTE,2015,2022,BG,4
volkswagen,Volkswagen,Passat R,2008,2010,BG,4
volkswagen,Volkswagen,Passat Variant,1974,,BG,4
volkswagen,Volkswagen,Passat Variant GTE,2015,2023,BG,4
volkswagen,Volkswagen,Phaeton,2002,2016,BG,4
volkswagen,Volkswagen,Pointer,1994,1996,BG,4
volkswagen,Volkswagen,Polo,1975,,BG,4
volkswagen,Volkswagen,Polo BlueGT,2013,2019,BG,4
volkswagen,Volkswagen,Polo GTI,2005,,BG,4
volkswagen,Volkswagen,Polo Variant,1997,2001,BG,4
volkswagen,Volkswagen,Routan,2008,2013,BG,4
volkswagen,Volkswagen,Santana,1982,1985,BG,4
volkswagen,Volkswagen,Scirocco,1977,2018,BG,4
volkswagen,Volkswagen,Scirocco R,2009,2018,BG,4
volkswagen,Volkswagen,Sharan,1996,2022,BG,4
volkswagen,Volkswagen,T-Cross,2018,,BG,4
volkswagen,Volkswagen,T-Roc,2017,,BG,4
volkswagen,Volkswagen,T-Roc R,2019,,BG,4
volkswagen,Volkswagen,Taigo,2021,,BG,4
volkswagen,Volkswagen,Taos,2024,,BG,4
volkswagen,Volkswagen,Tayron,2025,,BG,4
volkswagen,Volkswagen,Tiguan,2008,,BG,4
volkswagen,Volkswagen,Tiguan Allspace,2017,,BG,4
volkswagen,Volkswagen,Touareg,2002,,BG,4
volkswagen,Volkswagen,Touareg R,2020,,BG,4
volkswagen,Volkswagen,Touran,2003,,BG,4
volkswagen,Volkswagen,Transporter Estate/Wagon,2015,2024,BG,4
volkswagen,Volkswagen,up!,2012,2023,BG,4
volkswagen,Volkswagen,up! GTI,2018,2023,BG,4
volkswagen,Volkswagen,Vento,2010,2019,BG,4
volkswagen,Volkswagen,XL1,2013,2016,BG,4
volvo,Volvo,142,1967,1974,BG,16
volvo,Volvo,144,1966,1974,BG,16
volvo,Volvo,145,1967,1974,BG,16
volvo,Volvo,244,1975,1990,BG,16
volvo,Volvo,245,1975,1990,BG,16
volvo,Volvo,262,1977,1981,BG,16
volvo,Volvo,264,1980,1982,BG,16
volvo,Volvo,265,1980,1982,BG,16
volvo,Volvo,343,1976,1982,BG,16
volvo,Volvo,345,1979,1982,BG,16
volvo,Volvo,440,1988,1996,BG,16
volvo,Volvo,460,1990,1996,BG,16
volvo,Volvo,480,1986,1995,BG,16
volvo,Volvo,66,1975,1981,BG,16
volvo,Volvo,760,1982,1990,BG,16
volvo,Volvo,780,1986,1990,BG,16
volvo,Volvo,850,1992,1997,BG,16
volvo,Volvo,940,1990,1998,BG,16
volvo,Volvo,960,1990,1997,BG,16
volvo,Volvo,C30,2006,2013,BG,16
volvo,Volvo,C40,2021,,BG,16
volvo,Volvo,C70,1996,2013,BG,16
volvo,Volvo,EM90,2023,,BG,16
volvo,Volvo,ES90,2025,,BG,16
volvo,Volvo,EX30,2023,,BG,16
volvo,Volvo,EX30 Cross Country,2025,,BG,16
volvo,Volvo,EX60,2026,,BG,16
volvo,Volvo,EX60 Cross Country,2026,,BG,16
volvo,Volvo,EX90,2022,,BG,16
volvo,Volvo,P1800,1961,1973,BG,16
volvo,Volvo,S40,1996,2012,BG,16
volvo,Volvo,S60,2000,2024,BG,16
volvo,Volvo,S60 Cross Country,2015,2018,BG,16
volvo,Volvo,S60 Polestar,2014,2018,BG,16
volvo,Volvo,S70,1997,2000,BG,16
volvo,Volvo,S80,1998,2016,BG,16
volvo,Volvo,S90,1997,,BG,16
volvo,Volvo,V40,1996,2019,BG,16
volvo,Volvo,V40 Cross Country,2012,2019,BG,16
volvo,Volvo,V50,2004,2011,BG,16
volvo,Volvo,V60,2010,,BG,16
volvo,Volvo,V60 Cross Country,2015,,BG,16
volvo,Volvo,V60 Polestar,2013,2018,BG,16
volvo,Volvo,V70,1997,2016,BG,16
volvo,Volvo,V90,1997,2025,BG,16
volvo,Volvo,V90 Cross Country,2016,2025,BG,16
volvo,Volvo,XC40,2017,,BG,16
volvo,Volvo,XC60,2008,,BG,16
volvo,Volvo,XC60 Polestar,2018,2021,BG,16
volvo,Volvo,XC70,2000,,BG,16
volvo,Volvo,XC90,2002,,BG,16
wartburg,Wartburg,1.3,1988,1991,GLOBAL,999
wartburg,Wartburg,353,1966,1988,GLOBAL,999
wiesmann,Wiesmann,GT MF4,2003,2013,GLOBAL,999
wiesmann,Wiesmann,GT MF4-CS,,,GLOBAL,999
wiesmann,Wiesmann,GT MF4-S,2010,2014,GLOBAL,999
wiesmann,Wiesmann,GT MF5,2008,,GLOBAL,999
wiesmann,Wiesmann,MF4,2009,2013,GLOBAL,999
wiesmann,Wiesmann,MF4-S,2010,2013,GLOBAL,999
wiesmann,Wiesmann,MF5,2009,,GLOBAL,999
wuling,Wuling,Air EV,2022,,GLOBAL,999
wuling,Wuling,Bingo,2023,,GLOBAL,999
wuling,Wuling,Hongguang,2010,,GLOBAL,999
wuling,Wuling,Hongguang Mini EV,2020,,GLOBAL,999
xiaomi,Xiaomi,SU7,2024,,GLOBAL,999
xpeng,XPeng,G3,2018,,GLOBAL,999
xpeng,XPeng,G6,2023,,GLOBAL,999
xpeng,XPeng,G9,2021,,GLOBAL,999
xpeng,XPeng,P5,2021,,GLOBAL,999
xpeng,XPeng,P7,2020,,GLOBAL,999
yugo,Yugo,45,1980,1992,GLOBAL,999
yugo,Yugo,55,1981,1992,GLOBAL,999
yugo,Yugo,GV,1985,1992,GLOBAL,999
yugo,Yugo,Tempo,1985,2000,GLOBAL,999
zastava,Zastava,101,1971,2008,GLOBAL,999
zastava,Zastava,128,1980,2003,GLOBAL,999
zastava,Zastava,750,1955,1985,GLOBAL,999
zastava,Zastava,Florida,1988,2008,GLOBAL,999
zastava,Zastava,Koral,1980,2008,GLOBAL,999
zeekr,Zeekr,001,2025,,GLOBAL,999
zeekr,Zeekr,7GT,2026,,GLOBAL,999
zeekr,Zeekr,7X,2024,,GLOBAL,999
zeekr,Zeekr,X,2023,,GLOBAL,999
zender,Zender,Escape 6,,,GLOBAL,999
zender,Zender,Fact 4,,,GLOBAL,999
zender,Zender,Fact 4 BiTurbo,,,GLOBAL,999
zender,Zender,Progetto 5,,,GLOBAL,999
zender,Zender,Straight 8,,,GLOBAL,999
zender,Zender,Thirty 7,,,GLOBAL,999
zenvo,Zenvo,Aurora,2023,,GLOBAL,999
zenvo,Zenvo,ST1,2009,2017,GLOBAL,999
zenvo,Zenvo,TS1,2017,2017,GLOBAL,999
zenvo,Zenvo,TSR-S,2018,,GLOBAL,999
